Analysis Type:,PANTHER Overrepresentation Test (Released 20200407,,,,,,,
Annotation Version and Release Date:,GO Ontology database DOI:  10.5281/zenodo.3873405 Released 2020-06-01,,,,,,,
Analyzed List:,upload_1 (Gallus gallus,,,,,,,
Reference List:,Gallus gallus (all genes in database,,,,,,,
Test Type:,FISHER,,,,,,,
Correction:,FDR,,,,,,,
GO biological process complete,Gallus gallus - REFLIST (17770,upload_1 (19,upload_1 (expected,upload_1 (over/under,upload_1 (fold Enrichment,,upload_1 (raw P-value,upload_1 (FDR
negative regulation of type I interferon production (GO:0032480,13,2,0.01,+, > 100,GO:0032480,1.13E-04,1.00E+00
negative regulation of innate immune response (GO:0045824,24,2,0.03,+,77.94,GO:0045824,3.46E-04,1.00E+00
regulation of interferon-beta production (GO:0032648,29,2,0.03,+,64.5,GO:0032648,4.93E-04,1.00E+00
negative regulation of intracellular signal transduction (GO:1902532,360,4,0.38,+,10.39,GO:1902532,5.24E-04,1.00E+00
negative regulation of TOR signaling (GO:0032007,43,2,0.05,+,43.5,GO:0032007,1.04E-03,1.00E+00
negative regulation of response to biotic stimulus (GO:0002832,44,2,0.05,+,42.51,GO:0002832,1.09E-03,1.00E+00
regulation of type I interferon production (GO:0032479,45,2,0.05,+,41.57,GO:0032479,1.14E-03,1.00E+00
negative regulation of interferon-alpha biosynthetic process (GO:0045355,1,1,0,+, > 100,GO:0045355,2.14E-03,1.00E+00
negative regulation of interferon-beta biosynthetic process (GO:0045358,1,1,0,+, > 100,GO:0045358,2.14E-03,1.00E+00
negative regulation of mitochondrial ATP synthesis coupled electron transport (GO:1905447,1,1,0,+, > 100,GO:1905447,2.14E-03,1.00E+00
"negative regulation of mitochondrial electron transport, NADH to ubiquinone (GO:1902957",1,1,0,+, > 100,GO:1902957,2.14E-03,1.00E+00
positive regulation of protein K48-linked ubiquitination (GO:1902524,1,1,0,+, > 100,GO:1902524,2.14E-03,1.00E+00
regulation of protein K48-linked ubiquitination (GO:0061945,1,1,0,+, > 100,GO:0061945,2.14E-03,1.00E+00
negative regulation of immune system process (GO:0002683,244,3,0.26,+,11.5,GO:0002683,2.17E-03,1.00E+00
negative regulation of immune response (GO:0050777,69,2,0.07,+,27.11,GO:0050777,2.57E-03,1.00E+00
catabolism by organism of cell wall peptidoglycan in other organism (GO:0051672,2,1,0,+, > 100,GO:0051672,3.20E-03,1.00E+00
cell wall disruption in other organism (GO:0044278,2,1,0,+, > 100,GO:0044278,3.20E-03,1.00E+00
multi-organism carbohydrate catabolic process (GO:0044041,2,1,0,+, > 100,GO:0044041,3.20E-03,1.00E+00
multi-organism carbohydrate metabolic process (GO:0044040,2,1,0,+, > 100,GO:0044040,3.20E-03,1.00E+00
negative regulation of interferon-alpha production (GO:0032687,2,1,0,+, > 100,GO:0032687,3.20E-03,1.00E+00
regulation of innate immune response (GO:0045088,83,2,0.09,+,22.54,GO:0045088,3.66E-03,1.00E+00
regulation of TOR signaling (GO:0032006,85,2,0.09,+,22.01,GO:0032006,3.83E-03,1.00E+00
response to other organism (GO:0051707,621,4,0.66,+,6.02,GO:0051707,3.84E-03,1.00E+00
response to external biotic stimulus (GO:0043207,623,4,0.67,+,6,GO:0043207,3.88E-03,1.00E+00
interferon-gamma-mediated signaling pathway (GO:0060333,3,1,0,+, > 100,GO:0060333,4.27E-03,1.00E+00
multi-organism catabolic process (GO:0044035,3,1,0,+, > 100,GO:0044035,4.27E-03,1.00E+00
multi-organism metabolic process (GO:0044033,3,1,0,+, > 100,GO:0044033,4.27E-03,1.00E+00
negative regulation of cellular respiration (GO:1901856,3,1,0,+, > 100,GO:1901856,4.27E-03,1.00E+00
negative regulation of T cell migration (GO:2000405,3,1,0,+, > 100,GO:2000405,4.27E-03,1.00E+00
positive regulation of MDA-5 signaling pathway (GO:1900245,3,1,0,+, > 100,GO:1900245,4.27E-03,1.00E+00
regulation of interferon-alpha biosynthetic process (GO:0045354,3,1,0,+, > 100,GO:0045354,4.27E-03,1.00E+00
negative regulation of response to stimulus (GO:0048585,1056,5,1.13,+,4.43,GO:0048585,4.31E-03,1.00E+00
response to biotic stimulus (GO:0009607,643,4,0.69,+,5.82,GO:0009607,4.34E-03,1.00E+00
negative regulation of MDA-5 signaling pathway (GO:0039534,4,1,0,+, > 100,GO:0039534,5.33E-03,1.00E+00
"regulation of mitochondrial electron transport, NADH to ubiquinone (GO:1902956",4,1,0,+, > 100,GO:1902956,5.33E-03,1.00E+00
response to stilbenoid (GO:0035634,4,1,0,+, > 100,GO:0035634,5.33E-03,1.00E+00
tryptophan catabolic process to kynurenine (GO:0019441,4,1,0,+, > 100,GO:0019441,5.33E-03,1.00E+00
de novo' NAD biosynthetic process (GO:0034627,5,1,0.01,+, > 100,GO:0034627,6.39E-03,1.00E+00
de novo' NAD biosynthetic process from tryptophan (GO:0034354,5,1,0.01,+, > 100,GO:0034354,6.39E-03,1.00E+00
cell wall macromolecule catabolic process (GO:0016998,5,1,0.01,+, > 100,GO:0016998,6.39E-03,1.00E+00
negative regulation of oxidative phosphorylation (GO:0090324,5,1,0.01,+, > 100,GO:0090324,6.39E-03,1.00E+00
regulation of mitochondrial ATP synthesis coupled electron transport (GO:1905446,5,1,0.01,+, > 100,GO:1905446,6.39E-03,1.00E+00
negative regulation of defense response (GO:0031348,118,2,0.13,+,15.85,GO:0031348,7.16E-03,1.00E+00
response to bacterium (GO:0009617,376,3,0.4,+,7.46,GO:0009617,7.22E-03,1.00E+00
cell wall macromolecule metabolic process (GO:0044036,6,1,0.01,+, > 100,GO:0044036,7.45E-03,1.00E+00
cell wall organization or biogenesis (GO:0071554,6,1,0.01,+, > 100,GO:0071554,7.45E-03,1.00E+00
cytolysis (GO:0019835,6,1,0.01,+, > 100,GO:0019835,7.45E-03,1.00E+00
indolalkylamine catabolic process (GO:0046218,6,1,0.01,+, > 100,GO:0046218,7.45E-03,1.00E+00
indolalkylamine metabolic process (GO:0006586,6,1,0.01,+, > 100,GO:0006586,7.45E-03,1.00E+00
indole-containing compound catabolic process (GO:0042436,6,1,0.01,+, > 100,GO:0042436,7.45E-03,1.00E+00
positive regulation of RIG-I signaling pathway (GO:1900246,6,1,0.01,+, > 100,GO:1900246,7.45E-03,1.00E+00
regulation of interferon-beta biosynthetic process (GO:0045357,6,1,0.01,+, > 100,GO:0045357,7.45E-03,1.00E+00
regulation of MDA-5 signaling pathway (GO:0039533,6,1,0.01,+, > 100,GO:0039533,7.45E-03,1.00E+00
tryptophan catabolic process (GO:0006569,6,1,0.01,+, > 100,GO:0006569,7.45E-03,1.00E+00
tryptophan metabolic process (GO:0006568,6,1,0.01,+, > 100,GO:0006568,7.45E-03,1.00E+00
interspecies interaction between organisms (GO:0044419,756,4,0.81,+,4.95,GO:0044419,7.67E-03,1.00E+00
negative regulation of cytokine production (GO:0001818,125,2,0.13,+,14.96,GO:0001818,7.99E-03,1.00E+00
defense response to other organism (GO:0098542,398,3,0.43,+,7.05,GO:0098542,8.42E-03,1.00E+00
negative regulation of lymphocyte migration (GO:2000402,7,1,0.01,+, > 100,GO:2000402,8.51E-03,1.00E+00
negative regulation of RIG-I signaling pathway (GO:0039536,7,1,0.01,+, > 100,GO:0039536,8.51E-03,1.00E+00
peptidoglycan catabolic process (GO:0009253,7,1,0.01,+, > 100,GO:0009253,8.51E-03,1.00E+00
peptidoglycan metabolic process (GO:0000270,7,1,0.01,+, > 100,GO:0000270,8.51E-03,1.00E+00
response to external stimulus (GO:0009605,1259,5,1.35,+,3.71,GO:0009605,9.02E-03,1.00E+00
negative regulation of interferon-beta production (GO:0032688,8,1,0.01,+, > 100,GO:0032688,9.57E-03,1.00E+00
regulation of response to biotic stimulus (GO:0002831,139,2,0.15,+,13.46,GO:0002831,9.77E-03,1.00E+00
negative regulation of signal transduction (GO:0009968,820,4,0.88,+,4.56,GO:0009968,1.01E-02,1.00E+00
kynurenine metabolic process (GO:0070189,9,1,0.01,+, > 100,GO:0070189,1.06E-02,1.00E+00
positive regulation of protein polyubiquitination (GO:1902916,9,1,0.01,+, > 100,GO:1902916,1.06E-02,1.00E+00
negative regulation of viral-induced cytoplasmic pattern recognition receptor signaling pathway (GO:0039532,10,1,0.01,+,93.53,GO:0039532,1.17E-02,1.00E+00
amine catabolic process (GO:0009310,11,1,0.01,+,85.02,GO:0009310,1.27E-02,1.00E+00
cellular biogenic amine catabolic process (GO:0042402,11,1,0.01,+,85.02,GO:0042402,1.27E-02,1.00E+00
positive regulation of phosphoprotein phosphatase activity (GO:0032516,11,1,0.01,+,85.02,GO:0032516,1.27E-02,1.00E+00
negative regulation of cell communication (GO:0010648,882,4,0.94,+,4.24,GO:0010648,1.30E-02,1.00E+00
negative regulation of signaling (GO:0023057,886,4,0.95,+,4.22,GO:0023057,1.32E-02,1.00E+00
killing of cells of other organism (GO:0031640,12,1,0.01,+,77.94,GO:0031640,1.38E-02,1.00E+00
positive regulation of interleukin-6 secretion (GO:2000778,13,1,0.01,+,71.94,GO:2000778,1.49E-02,1.00E+00
regulation of RIG-I signaling pathway (GO:0039535,13,1,0.01,+,71.94,GO:0039535,1.49E-02,1.00E+00
benzene-containing compound metabolic process (GO:0042537,14,1,0.01,+,66.8,GO:0042537,1.59E-02,1.00E+00
NAD biosynthetic process (GO:0009435,14,1,0.01,+,66.8,GO:0009435,1.59E-02,1.00E+00
glycosaminoglycan catabolic process (GO:0006027,15,1,0.02,+,62.35,GO:0006027,1.70E-02,1.00E+00
negative regulation of cytokine biosynthetic process (GO:0042036,15,1,0.02,+,62.35,GO:0042036,1.70E-02,1.00E+00
regulation of interferon-alpha production (GO:0032647,15,1,0.02,+,62.35,GO:0032647,1.70E-02,1.00E+00
nicotinamide nucleotide biosynthetic process (GO:0019359,16,1,0.02,+,58.45,GO:0019359,1.80E-02,1.00E+00
protein import into mitochondrial matrix (GO:0030150,16,1,0.02,+,58.45,GO:0030150,1.80E-02,1.00E+00
pyridine nucleotide biosynthetic process (GO:0019363,16,1,0.02,+,58.45,GO:0019363,1.80E-02,1.00E+00
regulation of protein polyubiquitination (GO:1902914,16,1,0.02,+,58.45,GO:1902914,1.80E-02,1.00E+00
regulation of viral-induced cytoplasmic pattern recognition receptor signaling pathway (GO:0039531,16,1,0.02,+,58.45,GO:0039531,1.80E-02,1.00E+00
indole-containing compound metabolic process (GO:0042430,17,1,0.02,+,55.02,GO:0042430,1.91E-02,1.00E+00
negative regulation of defense response to virus (GO:0050687,17,1,0.02,+,55.02,GO:0050687,1.91E-02,1.00E+00
pyridine-containing compound biosynthetic process (GO:0072525,18,1,0.02,+,51.96,GO:0072525,2.01E-02,1.00E+00
regulation of oxidative phosphorylation (GO:0002082,18,1,0.02,+,51.96,GO:0002082,2.01E-02,1.00E+00
aminoglycan catabolic process (GO:0006026,19,1,0.02,+,49.22,GO:0006026,2.12E-02,1.00E+00
aromatic amino acid family catabolic process (GO:0009074,19,1,0.02,+,49.22,GO:0009074,2.12E-02,1.00E+00
negative regulation of ATP metabolic process (GO:1903579,19,1,0.02,+,49.22,GO:1903579,2.12E-02,1.00E+00
positive regulation of interferon-beta production (GO:0032728,19,1,0.02,+,49.22,GO:0032728,2.12E-02,1.00E+00
positive regulation of phosphatase activity (GO:0010922,19,1,0.02,+,49.22,GO:0010922,2.12E-02,1.00E+00
regulation of cellular respiration (GO:0043457,19,1,0.02,+,49.22,GO:0043457,2.12E-02,1.00E+00
nicotinamide nucleotide metabolic process (GO:0046496,20,1,0.02,+,46.76,GO:0046496,2.22E-02,1.00E+00
pyridine nucleotide metabolic process (GO:0019362,20,1,0.02,+,46.76,GO:0019362,2.22E-02,1.00E+00
regulation of T cell migration (GO:2000404,20,1,0.02,+,46.76,GO:2000404,2.22E-02,1.00E+00
snRNA 3'-end processing (GO:0034472,20,1,0.02,+,46.76,GO:0034472,2.22E-02,1.00E+00
defense response (GO:0006952,576,3,0.62,+,4.87,GO:0006952,2.25E-02,1.00E+00
negative regulation of response to external stimulus (GO:0032102,226,2,0.24,+,8.28,GO:0032102,2.42E-02,1.00E+00
negative regulation of GTPase activity (GO:0034260,22,1,0.02,+,42.51,GO:0034260,2.43E-02,1.00E+00
positive regulation of pattern recognition receptor signaling pathway (GO:0062208,22,1,0.02,+,42.51,GO:0062208,2.43E-02,1.00E+00
cell killing (GO:0001906,23,1,0.02,+,40.66,GO:0001906,2.53E-02,1.00E+00
regulation of intracellular signal transduction (GO:1902531,1078,4,1.15,+,3.47,GO:1902531,2.53E-02,1.00E+00
positive regulation of protein dephosphorylation (GO:0035307,24,1,0.03,+,38.97,GO:0035307,2.64E-02,1.00E+00
pyridine-containing compound metabolic process (GO:0072524,24,1,0.03,+,38.97,GO:0072524,2.64E-02,1.00E+00
negative regulation of leukocyte migration (GO:0002686,25,1,0.03,+,37.41,GO:0002686,2.74E-02,1.00E+00
aromatic amino acid family metabolic process (GO:0009072,27,1,0.03,+,34.64,GO:0009072,2.95E-02,1.00E+00
snRNA processing (GO:0016180,27,1,0.03,+,34.64,GO:0016180,2.95E-02,1.00E+00
positive regulation of smoothened signaling pathway (GO:0045880,28,1,0.03,+,33.4,GO:0045880,3.05E-02,1.00E+00
positive regulation of type I interferon production (GO:0032481,30,1,0.03,+,31.18,GO:0032481,3.26E-02,1.00E+00
innate immune response (GO:0045087,268,2,0.29,+,6.98,GO:0045087,3.31E-02,1.00E+00
defense response to Gram-negative bacterium (GO:0050829,31,1,0.03,+,30.17,GO:0050829,3.36E-02,1.00E+00
regulation of lymphocyte migration (GO:2000401,31,1,0.03,+,30.17,GO:2000401,3.36E-02,1.00E+00
cellular amine metabolic process (GO:0044106,32,1,0.03,+,29.23,GO:0044106,3.47E-02,1.00E+00
cellular biogenic amine metabolic process (GO:0006576,32,1,0.03,+,29.23,GO:0006576,3.47E-02,1.00E+00
positive regulation of dephosphorylation (GO:0035306,33,1,0.04,+,28.34,GO:0035306,3.57E-02,1.00E+00
protein transmembrane import into intracellular organelle (GO:0044743,33,1,0.04,+,28.34,GO:0044743,3.57E-02,1.00E+00
regulation of defense response (GO:0031347,288,2,0.31,+,6.49,GO:0031347,3.77E-02,1.00E+00
amine metabolic process (GO:0009308,35,1,0.04,+,26.72,GO:0009308,3.78E-02,1.00E+00
snRNA metabolic process (GO:0016073,35,1,0.04,+,26.72,GO:0016073,3.78E-02,1.00E+00
defense response to Gram-positive bacterium (GO:0050830,36,1,0.04,+,25.98,GO:0050830,3.88E-02,1.00E+00
ncRNA 3'-end processing (GO:0043628,36,1,0.04,+,25.98,GO:0043628,3.88E-02,1.00E+00
regulation of cilium assembly (GO:1902017,38,1,0.04,+,24.61,GO:1902017,4.09E-02,1.00E+00
organonitrogen compound catabolic process (GO:1901565,730,3,0.78,+,3.84,GO:1901565,4.13E-02,1.00E+00
positive regulation of ATPase activity (GO:0032781,39,1,0.04,+,23.98,GO:0032781,4.19E-02,1.00E+00
negative regulation of phosphorylation (GO:0042326,308,2,0.33,+,6.07,GO:0042326,4.26E-02,1.00E+00
regulation of defense response to virus (GO:0050688,40,1,0.04,+,23.38,GO:0050688,4.29E-02,1.00E+00
protein targeting to mitochondrion (GO:0006626,41,1,0.04,+,22.81,GO:0006626,4.39E-02,1.00E+00
negative regulation of ERK1 and ERK2 cascade (GO:0070373,42,1,0.04,+,22.27,GO:0070373,4.50E-02,1.00E+00
positive regulation of interleukin-6 production (GO:0032755,43,1,0.05,+,21.75,GO:0032755,4.60E-02,1.00E+00
intracellular protein transmembrane transport (GO:0065002,44,1,0.05,+,21.26,GO:0065002,4.70E-02,1.00E+00
regulation of signal transduction (GO:0009966,1948,5,2.08,+,2.4,GO:0009966,4.97E-02,1.00E+00
regulation of response to stimulus (GO:0048583,2617,6,2.8,+,2.14,GO:0048583,4.99E-02,1.00E+00
dendrite morphogenesis (GO:0048813,47,1,0.05,+,19.9,GO:0048813,5.01E-02,1.00E+00
protein transmembrane transport (GO:0071806,47,1,0.05,+,19.9,GO:0071806,5.01E-02,1.00E+00
regulation of immune system process (GO:0002682,796,3,0.85,+,3.52,GO:0002682,5.12E-02,1.00E+00
cellular ketone metabolic process (GO:0042180,49,1,0.05,+,19.09,GO:0042180,5.21E-02,1.00E+00
establishment of protein localization to mitochondrion (GO:0072655,49,1,0.05,+,19.09,GO:0072655,5.21E-02,1.00E+00
regulation of ATPase activity (GO:0043462,52,1,0.06,+,17.99,GO:0043462,5.51E-02,1.00E+00
regulation of cytokine biosynthetic process (GO:0042035,52,1,0.06,+,17.99,GO:0042035,5.51E-02,1.00E+00
cellular response to interferon-gamma (GO:0071346,53,1,0.06,+,17.65,GO:0071346,5.62E-02,1.00E+00
protein localization to mitochondrion (GO:0070585,53,1,0.06,+,17.65,GO:0070585,5.62E-02,1.00E+00
regulation of ATP metabolic process (GO:1903578,53,1,0.06,+,17.65,GO:1903578,5.62E-02,1.00E+00
regulation of hydrolase activity (GO:0051336,834,3,0.89,+,3.36,GO:0051336,5.73E-02,1.00E+00
positive regulation of cytokine secretion (GO:0050715,55,1,0.06,+,17,GO:0050715,5.82E-02,1.00E+00
regulation of cytokine production (GO:0001817,368,2,0.39,+,5.08,GO:0001817,5.85E-02,1.00E+00
cellular response to chemokine (GO:1990869,57,1,0.06,+,16.41,GO:1990869,6.02E-02,1.00E+00
modulation of process of other organism (GO:0035821,57,1,0.06,+,16.41,GO:0035821,6.02E-02,1.00E+00
regulation of pattern recognition receptor signaling pathway (GO:0062207,57,1,0.06,+,16.41,GO:0062207,6.02E-02,1.00E+00
response to chemokine (GO:1990868,57,1,0.06,+,16.41,GO:1990868,6.02E-02,1.00E+00
regulation of smoothened signaling pathway (GO:0008589,58,1,0.06,+,16.13,GO:0008589,6.12E-02,1.00E+00
glycosaminoglycan metabolic process (GO:0030203,59,1,0.06,+,15.85,GO:0030203,6.22E-02,1.00E+00
negative regulation of immune effector process (GO:0002698,59,1,0.06,+,15.85,GO:0002698,6.22E-02,1.00E+00
response to interferon-gamma (GO:0034341,59,1,0.06,+,15.85,GO:0034341,6.22E-02,1.00E+00
negative regulation of phosphate metabolic process (GO:0045936,384,2,0.41,+,4.87,GO:0045936,6.30E-02,1.00E+00
negative regulation of phosphorus metabolic process (GO:0010563,384,2,0.41,+,4.87,GO:0010563,6.30E-02,1.00E+00
carbohydrate catabolic process (GO:0016052,64,1,0.07,+,14.61,GO:0016052,6.72E-02,1.00E+00
negative regulation of cellular process (GO:0048523,3297,7,3.53,+,1.99,GO:0048523,6.78E-02,1.00E+00
mitochondrial transmembrane transport (GO:1990542,65,1,0.07,+,14.39,GO:1990542,6.82E-02,1.00E+00
regulation of interleukin-6 production (GO:0032675,66,1,0.07,+,14.17,GO:0032675,6.92E-02,1.00E+00
regulation of phosphoprotein phosphatase activity (GO:0043666,69,1,0.07,+,13.55,GO:0043666,7.22E-02,1.00E+00
alpha-amino acid catabolic process (GO:1901606,70,1,0.07,+,13.36,GO:1901606,7.32E-02,1.00E+00
aminoglycan metabolic process (GO:0006022,72,1,0.08,+,12.99,GO:0006022,7.52E-02,1.00E+00
positive regulation of response to biotic stimulus (GO:0002833,73,1,0.08,+,12.81,GO:0002833,7.62E-02,1.00E+00
biological_process (GO:0008150,14281,12,15.27,-,0.79,GO:0008150,7.79E-02,1.00E+00
Unclassified (UNCLASSIFIED,3489,7,3.73,+,1.88,CLASSIFIED,7.79E-02,1.00E+00
cellular response to cytokine stimulus (GO:0071345,435,2,0.47,+,4.3,GO:0071345,7.82E-02,1.00E+00
cellular process (GO:0009987,12187,9,13.03,-,0.69,GO:0009987,7.94E-02,1.00E+00
regulation of immune response (GO:0050776,439,2,0.47,+,4.26,GO:0050776,7.95E-02,1.00E+00
cellular amino acid catabolic process (GO:0009063,77,1,0.08,+,12.15,GO:0009063,8.01E-02,1.00E+00
negative regulation of biological process (GO:0048519,3581,7,3.83,+,1.83,GO:0048519,8.40E-02,1.00E+00
positive regulation of protein ubiquitination (GO:0031398,81,1,0.09,+,11.55,GO:0031398,8.41E-02,1.00E+00
regulation of generation of precursor metabolites and energy (GO:0043467,81,1,0.09,+,11.55,GO:0043467,8.41E-02,1.00E+00
RNA 3'-end processing (GO:0031123,81,1,0.09,+,11.55,GO:0031123,8.41E-02,1.00E+00
regulation of protein dephosphorylation (GO:0035304,82,1,0.09,+,11.41,GO:0035304,8.51E-02,1.00E+00
regulation of cell communication (GO:0010646,2275,5,2.43,+,2.06,GO:0010646,8.61E-02,1.00E+00
regulation of signaling (GO:0023051,2295,5,2.45,+,2.04,GO:0023051,8.87E-02,1.00E+00
regulation of cytokine secretion (GO:0050707,86,1,0.09,+,10.88,GO:0050707,8.90E-02,1.00E+00
dendrite development (GO:0016358,87,1,0.09,+,10.75,GO:0016358,9.00E-02,1.00E+00
positive regulation of hydrolase activity (GO:0051345,483,2,0.52,+,3.87,GO:0051345,9.35E-02,1.00E+00
neuron migration (GO:0001764,91,1,0.1,+,10.28,GO:0001764,9.39E-02,1.00E+00
response to cytokine (GO:0034097,485,2,0.52,+,3.86,GO:0034097,9.42E-02,1.00E+00
carbohydrate derivative catabolic process (GO:1901136,94,1,0.1,+,9.95,GO:1901136,9.68E-02,1.00E+00
multicellular organismal process (GO:0032501,4107,1,4.39,-,0.23,GO:0032501,9.69E-02,1.00E+00
protein deubiquitination (GO:0016579,97,1,0.1,+,9.64,GO:0016579,9.97E-02,1.00E+00
negative regulation of protein-containing complex assembly (GO:0031333,98,1,0.1,+,9.54,GO:0031333,1.01E-01,1.00E+00
positive regulation of protein modification by small protein conjugation or removal (GO:1903322,98,1,0.1,+,9.54,GO:1903322,1.01E-01,1.00E+00
sensory perception of sound (GO:0007605,98,1,0.1,+,9.54,GO:0007605,1.01E-01,1.00E+00
regulation of response to external stimulus (GO:0032101,517,2,0.55,+,3.62,GO:0032101,1.05E-01,1.00E+00
sensory perception of mechanical stimulus (GO:0050954,106,1,0.11,+,8.82,GO:0050954,1.08E-01,1.00E+00
regulation of leukocyte migration (GO:0002685,109,1,0.12,+,8.58,GO:0002685,1.11E-01,1.00E+00
negative regulation of MAPK cascade (GO:0043409,110,1,0.12,+,8.5,GO:0043409,1.12E-01,1.00E+00
positive regulation of immune effector process (GO:0002699,110,1,0.12,+,8.5,GO:0002699,1.12E-01,1.00E+00
protein modification by small protein removal (GO:0070646,111,1,0.12,+,8.43,GO:0070646,1.13E-01,1.00E+00
positive regulation of defense response (GO:0031349,113,1,0.12,+,8.28,GO:0031349,1.15E-01,1.00E+00
organic substance catabolic process (GO:1901575,1125,3,1.2,+,2.49,GO:1901575,1.16E-01,1.00E+00
regulation of phosphatase activity (GO:0010921,114,1,0.12,+,8.2,GO:0010921,1.16E-01,1.00E+00
cellular catabolic process (GO:0044248,1129,3,1.21,+,2.49,GO:0044248,1.17E-01,1.00E+00
positive regulation of protein secretion (GO:0050714,117,1,0.13,+,7.99,GO:0050714,1.19E-01,1.00E+00
response to virus (GO:0009615,118,1,0.13,+,7.93,GO:0009615,1.20E-01,1.00E+00
cellular response to starvation (GO:0009267,119,1,0.13,+,7.86,GO:0009267,1.21E-01,1.00E+00
nucleobase-containing compound biosynthetic process (GO:0034654,566,2,0.61,+,3.3,GO:0034654,1.22E-01,1.00E+00
regulation of plasma membrane bounded cell projection assembly (GO:0120032,124,1,0.13,+,7.54,GO:0120032,1.25E-01,1.00E+00
regulation of cell projection assembly (GO:0060491,126,1,0.13,+,7.42,GO:0060491,1.27E-01,1.00E+00
transcription by RNA polymerase II (GO:0006366,127,1,0.14,+,7.36,GO:0006366,1.28E-01,1.00E+00
mitochondrial transport (GO:0006839,128,1,0.14,+,7.31,GO:0006839,1.29E-01,1.00E+00
protein import (GO:0017038,128,1,0.14,+,7.31,GO:0017038,1.29E-01,1.00E+00
cellular response to nutrient levels (GO:0031669,132,1,0.14,+,7.09,GO:0031669,1.33E-01,1.00E+00
positive regulation of peptide secretion (GO:0002793,132,1,0.14,+,7.09,GO:0002793,1.33E-01,1.00E+00
immune response (GO:0006955,601,2,0.64,+,3.11,GO:0006955,1.34E-01,1.00E+00
response to starvation (GO:0042594,133,1,0.14,+,7.03,GO:0042594,1.34E-01,1.00E+00
regulation of dephosphorylation (GO:0035303,135,1,0.14,+,6.93,GO:0035303,1.36E-01,1.00E+00
peptidyl-serine phosphorylation (GO:0018105,136,1,0.15,+,6.88,GO:0018105,1.37E-01,1.00E+00
regulation of organelle assembly (GO:1902115,140,1,0.15,+,6.68,GO:1902115,1.40E-01,1.00E+00
heterocycle biosynthetic process (GO:0018130,619,2,0.66,+,3.02,GO:0018130,1.41E-01,1.00E+00
response to stress (GO:0006950,1919,4,2.05,+,1.95,GO:0006950,1.42E-01,1.00E+00
aromatic compound biosynthetic process (GO:0019438,628,2,0.67,+,2.98,GO:0019438,1.44E-01,1.00E+00
alpha-amino acid metabolic process (GO:1901605,145,1,0.16,+,6.45,GO:1901605,1.45E-01,1.00E+00
cellular macromolecule catabolic process (GO:0044265,632,2,0.68,+,2.96,GO:0044265,1.46E-01,1.00E+00
cellular response to extracellular stimulus (GO:0031668,147,1,0.16,+,6.36,GO:0031668,1.47E-01,1.00E+00
regulation of protein ubiquitination (GO:0031396,148,1,0.16,+,6.32,GO:0031396,1.48E-01,1.00E+00
developmental process (GO:0032502,3645,1,3.9,-,0.26,GO:0032502,1.51E-01,1.00E+00
anatomical structure development (GO:0048856,3379,1,3.61,-,0.28,GO:0048856,1.53E-01,1.00E+00
peptidyl-serine modification (GO:0018209,155,1,0.17,+,6.03,GO:0018209,1.54E-01,1.00E+00
carboxylic acid catabolic process (GO:0046395,156,1,0.17,+,6,GO:0046395,1.55E-01,1.00E+00
organic acid catabolic process (GO:0016054,156,1,0.17,+,6,GO:0016054,1.55E-01,1.00E+00
catabolic process (GO:0009056,1293,3,1.38,+,2.17,GO:0009056,1.57E-01,1.00E+00
negative regulation of cell migration (GO:0030336,161,1,0.17,+,5.81,GO:0030336,1.60E-01,1.00E+00
regulation of cellular component biogenesis (GO:0044087,680,2,0.73,+,2.75,GO:0044087,1.64E-01,1.00E+00
macromolecule catabolic process (GO:0009057,683,2,0.73,+,2.74,GO:0009057,1.65E-01,1.00E+00
protein targeting (GO:0006605,170,1,0.18,+,5.5,GO:0006605,1.68E-01,1.00E+00
cellular response to external stimulus (GO:0071496,173,1,0.18,+,5.41,GO:0071496,1.70E-01,1.00E+00
negative regulation of cell motility (GO:2000146,172,1,0.18,+,5.44,GO:2000146,1.70E-01,1.00E+00
organic cyclic compound biosynthetic process (GO:1901362,697,2,0.75,+,2.68,GO:1901362,1.70E-01,1.00E+00
regulation of protein modification by small protein conjugation or removal (GO:1903320,174,1,0.19,+,5.38,GO:1903320,1.71E-01,1.00E+00
defense response to bacterium (GO:0042742,176,1,0.19,+,5.31,GO:0042742,1.73E-01,1.00E+00
regulation of ERK1 and ERK2 cascade (GO:0070372,176,1,0.19,+,5.31,GO:0070372,1.73E-01,1.00E+00
nucleotide biosynthetic process (GO:0009165,186,1,0.2,+,5.03,GO:0009165,1.82E-01,1.00E+00
regulation of immune effector process (GO:0002697,187,1,0.2,+,5,GO:0002697,1.83E-01,1.00E+00
negative regulation of multicellular organismal process (GO:0051241,732,2,0.78,+,2.56,GO:0051241,1.84E-01,1.00E+00
nucleoside phosphate biosynthetic process (GO:1901293,189,1,0.2,+,4.95,GO:1901293,1.85E-01,1.00E+00
negative regulation of protein metabolic process (GO:0051248,745,2,0.8,+,2.51,GO:0051248,1.89E-01,1.00E+00
positive regulation of response to external stimulus (GO:0032103,196,1,0.21,+,4.77,GO:0032103,1.91E-01,1.00E+00
negative regulation of locomotion (GO:0040013,200,1,0.21,+,4.68,GO:0040013,1.94E-01,1.00E+00
positive regulation of secretion by cell (GO:1903532,202,1,0.22,+,4.63,GO:1903532,1.96E-01,1.00E+00
positive regulation of protein transport (GO:0051222,203,1,0.22,+,4.61,GO:0051222,1.97E-01,1.00E+00
response to nutrient levels (GO:0031667,203,1,0.22,+,4.61,GO:0031667,1.97E-01,1.00E+00
cytokine-mediated signaling pathway (GO:0019221,204,1,0.22,+,4.58,GO:0019221,1.98E-01,1.00E+00
negative regulation of cellular component movement (GO:0051271,204,1,0.22,+,4.58,GO:0051271,1.98E-01,1.00E+00
regulation of lipid metabolic process (GO:0019216,204,1,0.22,+,4.58,GO:0019216,1.98E-01,1.00E+00
positive regulation of secretion (GO:0051047,210,1,0.22,+,4.45,GO:0051047,2.03E-01,1.00E+00
positive regulation of cytokine production (GO:0001819,212,1,0.23,+,4.41,GO:0001819,2.05E-01,1.00E+00
regulation of response to stress (GO:0080134,786,2,0.84,+,2.38,GO:0080134,2.05E-01,1.00E+00
cellular amino acid metabolic process (GO:0006520,213,1,0.23,+,4.39,GO:0006520,2.06E-01,1.00E+00
cellular nitrogen compound catabolic process (GO:0044270,214,1,0.23,+,4.37,GO:0044270,2.06E-01,1.00E+00
positive regulation of establishment of protein localization (GO:1904951,215,1,0.23,+,4.35,GO:1904951,2.07E-01,1.00E+00
heterocycle catabolic process (GO:0046700,217,1,0.23,+,4.31,GO:0046700,2.09E-01,1.00E+00
response to extracellular stimulus (GO:0009991,219,1,0.23,+,4.27,GO:0009991,2.11E-01,1.00E+00
positive regulation of protein modification process (GO:0031401,812,2,0.87,+,2.3,GO:0031401,2.15E-01,1.00E+00
small molecule catabolic process (GO:0044282,224,1,0.24,+,4.18,GO:0044282,2.15E-01,1.00E+00
cilium assembly (GO:0060271,225,1,0.24,+,4.16,GO:0060271,2.16E-01,1.00E+00
aromatic compound catabolic process (GO:0019439,228,1,0.24,+,4.1,GO:0019439,2.18E-01,1.00E+00
regulation of protein secretion (GO:0050708,228,1,0.24,+,4.1,GO:0050708,2.18E-01,1.00E+00
regulation of apoptotic process (GO:0042981,843,2,0.9,+,2.22,GO:0042981,2.27E-01,1.00E+00
multicellular organism development (GO:0007275,3066,1,3.28,-,0.31,GO:0007275,2.30E-01,1.00E+00
regulation of Wnt signaling pathway (GO:0030111,242,1,0.26,+,3.86,GO:0030111,2.30E-01,1.00E+00
establishment of localization (GO:0051234,3000,1,3.21,-,0.31,GO:0051234,2.31E-01,1.00E+00
cilium organization (GO:0044782,245,1,0.26,+,3.82,GO:0044782,2.33E-01,1.00E+00
organic cyclic compound catabolic process (GO:1901361,245,1,0.26,+,3.82,GO:1901361,2.33E-01,1.00E+00
regulation of programmed cell death (GO:0043067,860,2,0.92,+,2.18,GO:0043067,2.34E-01,1.00E+00
regulation of peptide secretion (GO:0002791,249,1,0.27,+,3.76,GO:0002791,2.36E-01,1.00E+00
regulation of catalytic activity (GO:0050790,1586,3,1.7,+,1.77,GO:0050790,2.38E-01,1.00E+00
response to organic substance (GO:0010033,1586,3,1.7,+,1.77,GO:0010033,2.38E-01,1.00E+00
"transcription, DNA-templated (GO:0006351",252,1,0.27,+,3.71,GO:0006351,2.38E-01,1.00E+00
nucleic acid-templated transcription (GO:0097659,253,1,0.27,+,3.7,GO:0097659,2.39E-01,1.00E+00
establishment of protein localization to organelle (GO:0072594,258,1,0.28,+,3.63,GO:0072594,2.43E-01,1.00E+00
RNA biosynthetic process (GO:0032774,258,1,0.28,+,3.63,GO:0032774,2.43E-01,1.00E+00
negative regulation of protein phosphorylation (GO:0001933,278,1,0.3,+,3.36,GO:0001933,2.60E-01,1.00E+00
negative regulation of hydrolase activity (GO:0051346,281,1,0.3,+,3.33,GO:0051346,2.62E-01,1.00E+00
regulation of cell death (GO:0010941,936,2,1,+,2,GO:0010941,2.65E-01,1.00E+00
positive regulation of catalytic activity (GO:0043085,942,2,1.01,+,1.99,GO:0043085,2.67E-01,1.00E+00
negative regulation of metabolic process (GO:0009892,2068,4,2.21,+,1.81,GO:0009892,2.68E-01,1.00E+00
mitochondrion organization (GO:0007005,290,1,0.31,+,3.23,GO:0007005,2.69E-01,1.00E+00
plasma membrane bounded cell projection assembly (GO:0120031,292,1,0.31,+,3.2,GO:0120031,2.71E-01,1.00E+00
regulation of protein-containing complex assembly (GO:0043254,296,1,0.32,+,3.16,GO:0043254,2.74E-01,1.00E+00
cellular component organization (GO:0016043,4137,2,4.42,-,0.45,GO:0016043,2.77E-01,1.00E+00
regulation of nitrogen compound metabolic process (GO:0051171,4110,2,4.39,-,0.46,GO:0051171,2.77E-01,1.00E+00
nucleotide metabolic process (GO:0009117,301,1,0.32,+,3.11,GO:0009117,2.78E-01,1.00E+00
cellular component organization or biogenesis (GO:0071840,4303,2,4.6,-,0.43,GO:0071840,2.80E-01,1.00E+00
cellular nitrogen compound biosynthetic process (GO:0044271,975,2,1.04,+,1.92,GO:0044271,2.81E-01,1.00E+00
ncRNA processing (GO:0034470,308,1,0.33,+,3.04,GO:0034470,2.83E-01,1.00E+00
nucleoside phosphate metabolic process (GO:0006753,308,1,0.33,+,3.04,GO:0006753,2.83E-01,1.00E+00
cell projection assembly (GO:0030031,309,1,0.33,+,3.03,GO:0030031,2.84E-01,1.00E+00
carbohydrate metabolic process (GO:0005975,322,1,0.34,+,2.9,GO:0005975,2.94E-01,1.00E+00
positive regulation of signal transduction (GO:0009967,1007,2,1.08,+,1.86,GO:0009967,2.94E-01,1.00E+00
organophosphate biosynthetic process (GO:0090407,328,1,0.35,+,2.85,GO:0090407,2.99E-01,1.00E+00
cell morphogenesis involved in neuron differentiation (GO:0048667,337,1,0.36,+,2.78,GO:0048667,3.06E-01,1.00E+00
regulation of GTPase activity (GO:0043087,343,1,0.37,+,2.73,GO:0043087,3.10E-01,1.00E+00
positive regulation of cellular protein metabolic process (GO:0032270,1059,2,1.13,+,1.77,GO:0032270,3.15E-01,1.00E+00
neuron projection morphogenesis (GO:0048812,359,1,0.38,+,2.61,GO:0048812,3.22E-01,1.00E+00
plasma membrane bounded cell projection morphogenesis (GO:0120039,363,1,0.39,+,2.58,GO:0120039,3.25E-01,1.00E+00
cell projection morphogenesis (GO:0048858,366,1,0.39,+,2.56,GO:0048858,3.27E-01,1.00E+00
regulation of phosphorylation (GO:0042325,1095,2,1.17,+,1.71,GO:0042325,3.29E-01,1.00E+00
nucleobase-containing small molecule metabolic process (GO:0055086,371,1,0.4,+,2.52,GO:0055086,3.31E-01,1.00E+00
ncRNA metabolic process (GO:0034660,376,1,0.4,+,2.49,GO:0034660,3.34E-01,1.00E+00
regulation of protein transport (GO:0051223,380,1,0.41,+,2.46,GO:0051223,3.37E-01,1.00E+00
cell part morphogenesis (GO:0032990,384,1,0.41,+,2.44,GO:0032990,3.40E-01,1.00E+00
RNA metabolic process (GO:0016070,1124,2,1.2,+,1.66,GO:0016070,3.41E-01,1.00E+00
regulation of macromolecule biosynthetic process (GO:0010556,2738,1,2.93,-,0.34,GO:0010556,3.42E-01,1.00E+00
regulation of cellular biosynthetic process (GO:0031326,2816,1,3.01,-,0.33,GO:0031326,3.43E-01,1.00E+00
regulation of nucleobase-containing compound metabolic process (GO:0019219,2755,1,2.95,-,0.34,GO:0019219,3.43E-01,1.00E+00
regulation of biosynthetic process (GO:0009889,2853,1,3.05,-,0.33,GO:0009889,3.44E-01,1.00E+00
regulation of RNA metabolic process (GO:0051252,2585,1,2.76,-,0.36,GO:0051252,3.44E-01,1.00E+00
system development (GO:0048731,2840,1,3.04,-,0.33,GO:0048731,3.44E-01,1.00E+00
positive regulation of protein metabolic process (GO:0051247,1136,2,1.21,+,1.65,GO:0051247,3.45E-01,1.00E+00
transport (GO:0006810,2893,1,3.09,-,0.32,GO:0006810,3.46E-01,1.00E+00
positive regulation of cell communication (GO:0010647,1143,2,1.22,+,1.64,GO:0010647,3.48E-01,1.00E+00
positive regulation of signaling (GO:0023056,1150,2,1.23,+,1.63,GO:0023056,3.51E-01,1.00E+00
regulation of establishment of protein localization (GO:0070201,399,1,0.43,+,2.34,GO:0070201,3.51E-01,1.00E+00
regulation of peptide transport (GO:0090087,402,1,0.43,+,2.33,GO:0090087,3.53E-01,1.00E+00
response to organic cyclic compound (GO:0014070,402,1,0.43,+,2.33,GO:0014070,3.53E-01,1.00E+00
negative regulation of protein modification process (GO:0031400,404,1,0.43,+,2.32,GO:0031400,3.55E-01,1.00E+00
immune system process (GO:0002376,1163,2,1.24,+,1.61,GO:0002376,3.56E-01,1.00E+00
positive regulation of molecular function (GO:0044093,1163,2,1.24,+,1.61,GO:0044093,3.56E-01,1.00E+00
ubiquitin-dependent protein catabolic process (GO:0006511,411,1,0.44,+,2.28,GO:0006511,3.59E-01,1.00E+00
modification-dependent protein catabolic process (GO:0019941,420,1,0.45,+,2.23,GO:0019941,3.66E-01,1.00E+00
sensory perception (GO:0007600,421,1,0.45,+,2.22,GO:0007600,3.66E-01,1.00E+00
multi-organism process (GO:0051704,423,1,0.45,+,2.21,GO:0051704,3.68E-01,1.00E+00
cell morphogenesis involved in differentiation (GO:0000904,425,1,0.45,+,2.2,GO:0000904,3.69E-01,1.00E+00
regulation of secretion by cell (GO:1903530,425,1,0.45,+,2.2,GO:1903530,3.69E-01,1.00E+00
modification-dependent macromolecule catabolic process (GO:0043632,430,1,0.46,+,2.18,GO:0043632,3.73E-01,1.00E+00
regulation of phosphate metabolic process (GO:0019220,1221,2,1.31,+,1.53,GO:0019220,3.79E-01,1.00E+00
regulation of phosphorus metabolic process (GO:0051174,1222,2,1.31,+,1.53,GO:0051174,3.80E-01,1.00E+00
regulation of plasma membrane bounded cell projection organization (GO:0120035,443,1,0.47,+,2.11,GO:0120035,3.82E-01,1.00E+00
regulation of cell projection organization (GO:0031344,448,1,0.48,+,2.09,GO:0031344,3.85E-01,1.00E+00
regulation of secretion (GO:0051046,452,1,0.48,+,2.07,GO:0051046,3.88E-01,1.00E+00
cellular component morphogenesis (GO:0032989,459,1,0.49,+,2.04,GO:0032989,3.92E-01,1.00E+00
proteolysis involved in cellular protein catabolic process (GO:0051603,468,1,0.5,+,2,GO:0051603,3.98E-01,1.00E+00
negative regulation of cellular component organization (GO:0051129,471,1,0.5,+,1.99,GO:0051129,4.00E-01,1.00E+00
regulation of MAPK cascade (GO:0043408,470,1,0.5,+,1.99,GO:0043408,4.00E-01,1.00E+00
localization (GO:0051179,3883,2,4.15,-,0.48,GO:0051179,4.02E-01,1.00E+00
cellular protein catabolic process (GO:0044257,486,1,0.52,+,1.92,GO:0044257,4.10E-01,1.00E+00
neuron projection development (GO:0031175,496,1,0.53,+,1.89,GO:0031175,4.16E-01,1.00E+00
protein localization to organelle (GO:0033365,498,1,0.53,+,1.88,GO:0033365,4.18E-01,1.00E+00
negative regulation of catalytic activity (GO:0043086,506,1,0.54,+,1.85,GO:0043086,4.23E-01,1.00E+00
protein catabolic process (GO:0030163,517,1,0.55,+,1.81,GO:0030163,4.30E-01,1.00E+00
positive regulation of immune system process (GO:0002684,523,1,0.56,+,1.79,GO:0002684,4.34E-01,1.00E+00
positive regulation of transport (GO:0051050,523,1,0.56,+,1.79,GO:0051050,4.34E-01,1.00E+00
negative regulation of cellular metabolic process (GO:0031324,1822,3,1.95,+,1.54,GO:0031324,4.36E-01,1.00E+00
regulation of macromolecule metabolic process (GO:0060255,4464,3,4.77,-,0.63,GO:0060255,4.37E-01,1.00E+00
cell morphogenesis (GO:0000902,546,1,0.58,+,1.71,GO:0000902,4.48E-01,1.00E+00
negative regulation of macromolecule metabolic process (GO:0010605,1912,3,2.04,+,1.47,GO:0010605,4.51E-01,1.00E+00
regulation of cell migration (GO:0030334,555,1,0.59,+,1.69,GO:0030334,4.53E-01,1.00E+00
response to stimulus (GO:0050896,5187,7,5.55,+,1.26,GO:0050896,4.56E-01,1.00E+00
organelle assembly (GO:0070925,562,1,0.6,+,1.66,GO:0070925,4.57E-01,1.00E+00
nucleobase-containing compound metabolic process (GO:0006139,1956,3,2.09,+,1.43,GO:0006139,4.58E-01,1.00E+00
cell migration (GO:0016477,577,1,0.62,+,1.62,GO:0016477,4.66E-01,1.00E+00
carboxylic acid metabolic process (GO:0019752,579,1,0.62,+,1.62,GO:0019752,4.67E-01,1.00E+00
regulation of molecular function (GO:0065009,2004,3,2.14,+,1.4,GO:0065009,4.67E-01,1.00E+00
regulation of cell motility (GO:2000145,584,1,0.62,+,1.6,GO:2000145,4.70E-01,1.00E+00
heterocycle metabolic process (GO:0046483,2050,3,2.19,+,1.37,GO:0046483,4.75E-01,1.00E+00
neuron development (GO:0048666,603,1,0.64,+,1.55,GO:0048666,4.81E-01,1.00E+00
cellular aromatic compound metabolic process (GO:0006725,2091,3,2.24,+,1.34,GO:0006725,4.83E-01,1.00E+00
protein modification by small protein conjugation or removal (GO:0070647,606,1,0.65,+,1.54,GO:0070647,4.83E-01,1.00E+00
oxoacid metabolic process (GO:0043436,608,1,0.65,+,1.54,GO:0043436,4.84E-01,1.00E+00
regulation of protein localization (GO:0032880,613,1,0.66,+,1.53,GO:0032880,4.87E-01,1.00E+00
organophosphate metabolic process (GO:0019637,616,1,0.66,+,1.52,GO:0019637,4.89E-01,1.00E+00
regulation of locomotion (GO:0040012,617,1,0.66,+,1.52,GO:0040012,4.89E-01,1.00E+00
positive regulation of intracellular signal transduction (GO:1902533,619,1,0.66,+,1.51,GO:1902533,4.91E-01,1.00E+00
RNA processing (GO:0006396,623,1,0.67,+,1.5,GO:0006396,4.93E-01,1.00E+00
organic acid metabolic process (GO:0006082,626,1,0.67,+,1.49,GO:0006082,4.94E-01,1.00E+00
intracellular protein transport (GO:0006886,632,1,0.68,+,1.48,GO:0006886,4.98E-01,1.00E+00
regulation of cellular component movement (GO:0051270,634,1,0.68,+,1.48,GO:0051270,4.99E-01,1.00E+00
cell differentiation (GO:0030154,2372,1,2.54,-,0.39,GO:0030154,5.00E-01,1.00E+00
regulation of nucleic acid-templated transcription (GO:1903506,2364,1,2.53,-,0.4,GO:1903506,5.00E-01,1.00E+00
regulation of RNA biosynthetic process (GO:2001141,2364,1,2.53,-,0.4,GO:2001141,5.00E-01,1.00E+00
cellular developmental process (GO:0048869,2417,1,2.58,-,0.39,GO:0048869,5.01E-01,1.00E+00
biological regulation (GO:0065007,8901,8,9.52,-,0.84,GO:0065007,5.03E-01,1.00E+00
protein phosphorylation (GO:0006468,641,1,0.69,+,1.46,GO:0006468,5.03E-01,1.00E+00
cell motility (GO:0048870,659,1,0.7,+,1.42,GO:0048870,5.13E-01,1.00E+00
localization of cell (GO:0051674,659,1,0.7,+,1.42,GO:0051674,5.13E-01,1.00E+00
peptidyl-amino acid modification (GO:0018193,681,1,0.73,+,1.37,GO:0018193,5.24E-01,1.00E+00
carbohydrate derivative metabolic process (GO:1901135,688,1,0.74,+,1.36,GO:1901135,5.28E-01,1.00E+00
negative regulation of cellular protein metabolic process (GO:0032269,703,1,0.75,+,1.33,GO:0032269,5.36E-01,1.00E+00
negative regulation of molecular function (GO:0044092,703,1,0.75,+,1.33,GO:0044092,5.36E-01,1.00E+00
nervous system process (GO:0050877,708,1,0.76,+,1.32,GO:0050877,5.38E-01,1.00E+00
protein metabolic process (GO:0019538,3192,2,3.41,-,0.59,GO:0019538,5.56E-01,1.00E+00
regulation of gene expression (GO:0010468,3236,2,3.46,-,0.58,GO:0010468,5.56E-01,1.00E+00
signaling (GO:0023052,3270,2,3.5,-,0.57,GO:0023052,5.56E-01,1.00E+00
positive regulation of phosphate metabolic process (GO:0045937,758,1,0.81,+,1.23,GO:0045937,5.63E-01,1.00E+00
positive regulation of phosphorus metabolic process (GO:0010562,758,1,0.81,+,1.23,GO:0010562,5.63E-01,1.00E+00
neuron differentiation (GO:0030182,761,1,0.81,+,1.23,GO:0030182,5.65E-01,1.00E+00
plasma membrane bounded cell projection organization (GO:0120036,794,1,0.85,+,1.18,GO:0120036,5.81E-01,1.00E+00
cell projection organization (GO:0030030,810,1,0.87,+,1.15,GO:0030030,5.88E-01,1.00E+00
regulation of primary metabolic process (GO:0080090,4201,3,4.49,-,0.67,GO:0080090,5.91E-01,1.00E+00
regulation of cellular metabolic process (GO:0031323,4377,3,4.68,-,0.64,GO:0031323,5.93E-01,1.00E+00
locomotion (GO:0040011,822,1,0.88,+,1.14,GO:0040011,5.94E-01,1.00E+00
protein transport (GO:0015031,874,1,0.93,+,1.07,GO:0015031,6.17E-01,1.00E+00
regulation of protein modification process (GO:0031399,1267,2,1.35,+,1.48,GO:0031399,6.42E-01,1.00E+00
cellular response to organic substance (GO:0071310,1282,2,1.37,+,1.46,GO:0071310,6.44E-01,1.00E+00
negative regulation of gene expression (GO:0010629,1297,2,1.39,+,1.44,GO:0010629,6.46E-01,1.00E+00
positive regulation of response to stimulus (GO:0048584,1400,2,1.5,+,1.34,GO:0048584,6.58E-01,1.00E+00
gene expression (GO:0010467,1433,2,1.53,+,1.31,GO:0010467,6.63E-01,1.00E+00
phosphate-containing compound metabolic process (GO:0006796,1534,2,1.64,+,1.22,GO:0006796,6.77E-01,1.00E+00
phosphorus metabolic process (GO:0006793,1554,2,1.66,+,1.2,GO:0006793,6.80E-01,1.00E+00
nucleic acid metabolic process (GO:0090304,1594,2,1.7,+,1.17,GO:0090304,6.86E-01,1.00E+00
regulation of cellular component organization (GO:0051128,1638,2,1.75,+,1.14,GO:0051128,6.93E-01,1.00E+00
cellular response to chemical stimulus (GO:0070887,1646,2,1.76,+,1.14,GO:0070887,6.94E-01,1.00E+00
negative regulation of nitrogen compound metabolic process (GO:0051172,1692,2,1.81,+,1.11,GO:0051172,7.01E-01,1.00E+00
cellular biosynthetic process (GO:0044249,1714,2,1.83,+,1.09,GO:0044249,7.05E-01,1.00E+00
regulation of localization (GO:0032879,1768,2,1.89,+,1.06,GO:0032879,7.13E-01,1.00E+00
cellular component biogenesis (GO:0044085,1798,1,1.92,-,0.52,GO:0044085,7.14E-01,1.00E+00
organic cyclic compound metabolic process (GO:1901360,2212,3,2.37,+,1.27,GO:1901360,7.23E-01,1.00E+00
response to chemical (GO:0042221,2338,3,2.5,+,1.2,GO:0042221,7.31E-01,1.00E+00
cellular nitrogen compound metabolic process (GO:0034641,2446,3,2.62,+,1.15,GO:0034641,7.39E-01,1.00E+00
positive regulation of macromolecule metabolic process (GO:0010604,2568,3,2.75,+,1.09,GO:0010604,7.49E-01,1.00E+00
organelle organization (GO:0006996,2672,2,2.86,-,0.7,GO:0006996,7.57E-01,1.00E+00
signal transduction (GO:0007165,3024,2,3.23,-,0.62,GO:0007165,7.58E-01,1.00E+00
regulation of metabolic process (GO:0019222,4816,4,5.15,-,0.78,GO:0019222,7.96E-01,1.00E+00
nitrogen compound metabolic process (GO:0006807,5199,6,5.56,+,1.08,GO:0006807,8.04E-01,1.00E+00
metabolic process (GO:0008152,6467,6,6.91,-,0.87,GO:0008152,8.13E-01,1.00E+00
regulation of biological process (GO:0050789,8312,8,8.89,-,0.9,GO:0050789,8.19E-01,1.00E+00
amide transport (GO:0042886,924,1,0.99,+,1.01,GO:0042886,1.00E+00,1.00E+00
anatomical structure morphogenesis (GO:0009653,1554,1,1.66,-,0.6,GO:0009653,1.00E+00,1.00E+00
biosynthetic process (GO:0009058,1836,2,1.96,+,1.02,GO:0009058,1.00E+00,1.00E+00
cell communication (GO:0007154,3344,3,3.58,-,0.84,GO:0007154,1.00E+00,1.00E+00
cell development (GO:0048468,1148,1,1.23,-,0.81,GO:0048468,1.00E+00,1.00E+00
cell surface receptor signaling pathway (GO:0007166,1346,1,1.44,-,0.69,GO:0007166,1.00E+00,1.00E+00
cellular component assembly (GO:0022607,1610,1,1.72,-,0.58,GO:0022607,1.00E+00,1.00E+00
cellular localization (GO:0051641,1699,1,1.82,-,0.55,GO:0051641,1.00E+00,1.00E+00
cellular macromolecule biosynthetic process (GO:0034645,1058,1,1.13,-,0.88,GO:0034645,1.00E+00,1.00E+00
cellular macromolecule localization (GO:0070727,1132,1,1.21,-,0.83,GO:0070727,1.00E+00,1.00E+00
cellular macromolecule metabolic process (GO:0044260,3673,4,3.93,+,1.02,GO:0044260,1.00E+00,1.00E+00
cellular metabolic process (GO:0044237,5700,6,6.09,-,0.98,GO:0044237,1.00E+00,1.00E+00
cellular protein localization (GO:0034613,1124,1,1.2,-,0.83,GO:0034613,1.00E+00,1.00E+00
cellular protein metabolic process (GO:0044267,2665,2,2.85,-,0.7,GO:0044267,1.00E+00,1.00E+00
cellular protein modification process (GO:0006464,2164,2,2.31,-,0.86,GO:0006464,1.00E+00,1.00E+00
cellular response to stimulus (GO:0051716,4283,4,4.58,-,0.87,GO:0051716,1.00E+00,1.00E+00
cellular response to stress (GO:0033554,1089,1,1.16,-,0.86,GO:0033554,1.00E+00,1.00E+00
establishment of localization in cell (GO:0051649,1233,1,1.32,-,0.76,GO:0051649,1.00E+00,1.00E+00
establishment of protein localization (GO:0045184,931,1,1,+,1,GO:0045184,1.00E+00,1.00E+00
generation of neurons (GO:0048699,1110,1,1.19,-,0.84,GO:0048699,1.00E+00,1.00E+00
intracellular signal transduction (GO:0035556,1043,1,1.12,-,0.9,GO:0035556,1.00E+00,1.00E+00
intracellular transport (GO:0046907,980,1,1.05,-,0.95,GO:0046907,1.00E+00,1.00E+00
macromolecule biosynthetic process (GO:0009059,1077,1,1.15,-,0.87,GO:0009059,1.00E+00,1.00E+00
macromolecule localization (GO:0033036,1652,1,1.77,-,0.57,GO:0033036,1.00E+00,1.00E+00
macromolecule metabolic process (GO:0043170,4689,5,5.01,-,1,GO:0043170,1.00E+00,1.00E+00
macromolecule modification (GO:0043412,2320,2,2.48,-,0.81,GO:0043412,1.00E+00,1.00E+00
movement of cell or subcellular component (GO:0006928,1025,1,1.1,-,0.91,GO:0006928,1.00E+00,1.00E+00
negative regulation of biosynthetic process (GO:0009890,1106,1,1.18,-,0.85,GO:0009890,1.00E+00,1.00E+00
negative regulation of cellular biosynthetic process (GO:0031327,1094,1,1.17,-,0.85,GO:0031327,1.00E+00,1.00E+00
negative regulation of macromolecule biosynthetic process (GO:0010558,1059,1,1.13,-,0.88,GO:0010558,1.00E+00,1.00E+00
nervous system development (GO:0007399,1567,1,1.68,-,0.6,GO:0007399,1.00E+00,1.00E+00
neurogenesis (GO:0022008,1181,1,1.26,-,0.79,GO:0022008,1.00E+00,1.00E+00
nitrogen compound transport (GO:0071705,1117,1,1.19,-,0.84,GO:0071705,1.00E+00,1.00E+00
organic substance biosynthetic process (GO:1901576,1783,2,1.91,+,1.05,GO:1901576,1.00E+00,1.00E+00
organic substance metabolic process (GO:0071704,6000,6,6.42,-,0.94,GO:0071704,1.00E+00,1.00E+00
organic substance transport (GO:0071702,1383,1,1.48,-,0.68,GO:0071702,1.00E+00,1.00E+00
organonitrogen compound biosynthetic process (GO:1901566,980,1,1.05,-,0.95,GO:1901566,1.00E+00,1.00E+00
organonitrogen compound metabolic process (GO:1901564,3898,4,4.17,-,0.96,GO:1901564,1.00E+00,1.00E+00
peptide transport (GO:0015833,901,1,0.96,+,1.04,GO:0015833,1.00E+00,1.00E+00
phosphorylation (GO:0016310,898,1,0.96,+,1.04,GO:0016310,1.00E+00,1.00E+00
positive regulation of biological process (GO:0048518,4301,4,4.6,-,0.87,GO:0048518,1.00E+00,1.00E+00
positive regulation of cellular metabolic process (GO:0031325,2481,2,2.65,-,0.75,GO:0031325,1.00E+00,1.00E+00
positive regulation of cellular process (GO:0048522,3957,4,4.23,-,0.95,GO:0048522,1.00E+00,1.00E+00
positive regulation of gene expression (GO:0010628,1688,1,1.8,-,0.55,GO:0010628,1.00E+00,1.00E+00
positive regulation of metabolic process (GO:0009893,2771,3,2.96,+,1.01,GO:0009893,1.00E+00,1.00E+00
positive regulation of multicellular organismal process (GO:0051240,1092,1,1.17,-,0.86,GO:0051240,1.00E+00,1.00E+00
positive regulation of nitrogen compound metabolic process (GO:0051173,2360,2,2.52,-,0.79,GO:0051173,1.00E+00,1.00E+00
primary metabolic process (GO:0044238,5648,6,6.04,-,0.99,GO:0044238,1.00E+00,1.00E+00
protein localization (GO:0008104,1406,1,1.5,-,0.67,GO:0008104,1.00E+00,1.00E+00
protein modification process (GO:0036211,2164,2,2.31,-,0.86,GO:0036211,1.00E+00,1.00E+00
proteolysis (GO:0006508,984,1,1.05,-,0.95,GO:0006508,1.00E+00,1.00E+00
regulation of cellular process (GO:0050794,7953,8,8.5,-,0.94,GO:0050794,1.00E+00,1.00E+00
regulation of cellular protein metabolic process (GO:0032268,1813,2,1.94,+,1.03,GO:0032268,1.00E+00,1.00E+00
regulation of multicellular organismal process (GO:0051239,2011,2,2.15,-,0.93,GO:0051239,1.00E+00,1.00E+00
regulation of organelle organization (GO:0033043,925,1,0.99,+,1.01,GO:0033043,1.00E+00,1.00E+00
regulation of protein metabolic process (GO:0051246,1939,2,2.07,-,0.96,GO:0051246,1.00E+00,1.00E+00
regulation of protein phosphorylation (GO:0001932,977,1,1.04,-,0.96,GO:0001932,1.00E+00,1.00E+00
regulation of transport (GO:0051049,1112,1,1.19,-,0.84,GO:0051049,1.00E+00,1.00E+00
small molecule metabolic process (GO:0044281,1140,1,1.22,-,0.82,GO:0044281,1.00E+00,1.00E+00
system process (GO:0003008,1036,1,1.11,-,0.9,GO:0003008,1.00E+00,1.00E+00
transmembrane transport (GO:0055085,982,1,1.05,-,0.95,GO:0055085,1.00E+00,1.00E+00