Order,Page ,Date ,Location,Species,Band#,Recap,Colors,Sex,Plumage,CP/BP,Bill Length,Bill Depth,Bill Width,Tarsus,Wing Chord,Mass,POX
1,1,21-Jan-19,CDRS,FOR,SM1001,0,,U,0,,10.8,9.7,8.5,18.8,65,15.8,U
2,1,21-Jan-19,CDRS,CRA,SM1002,0,,U,0,,9.3,11.1,9.2,24.4,82,29.8,U
3,1,21-Jan-19,CDRS,CRA,SM1003,0,,F,0,,9.4,11.1,8.7,25,78.5,22.9,U
4,1,22-Jan-19,CDRS,FOR,JP4522,1,RSGG,M,1,,11.9,10.5,8.7,19.5,66,17.7,U
5,1,22-Jan-19,CDRS,FOR,SM1004,0,,U,1,,11.6,9.2,8.4,18.9,65,17.9,U
6,1,22-Jan-19,CDRS,FUL,SM001,0,,U,0,,8,7.1,7,19.9,58.5,13.1,U
7,1,22-Jan-19,CDRS,FUL,SM002,0,,U,0,,8.7,7.2,6.7,17.4,60,13.5,I
8,1,22-Jan-19,CDRS,FUL,SM003,0,,M,4,,7.6,7.2,7.4,17.4,63.4,14.3,U
9,1,22-Jan-19,CDRS,FUL,SM004,0,,M,5,,8.5,7.8,7.1,18.8,64,19.4,U
10,1,22-Jan-19,CDRS,FOR,SM1005,0,,U,0,,11.5,12.1,9.6,21,66.5,19.2,U
11,1,22-Jan-19,CDRS,FUL,SM005,0,,U,0,,7.7,7.1,6.8,17,58,12.2,U
12,1,22-Jan-19,CDRS,FOR,SM1006,0,,U,1,,12.7,13.7,11.4,22.3,72,27.6,I
13,2,22-Jan-19,CDRS,FOR,SM1007,0,,M,1,,9.5,8.4,7.9,21.4,63,15.9,U
14,2,22-Jan-19,CDRS,CRA,SM1008,0,,M,5,,10.5,11.7,9.5,24.3,75,29.4,U
15,2,22-Jan-19,CDRS,FOR,SM1009,0,,U,0,,10.7,11,8.7,20.1,67.5,18.7,U
16,2,22-Jan-19,CDRS,FUL,SM006,0,,M,2,,8,7.5,7.2,17.8,61.5,13.7,U
17,2,22-Jan-19,CDRS,FOR,SM1010,0,,U,0,,13.4,13.4,12,24.6,73,26.4,U
18,2,22-Jan-19,CDRS,FOR,SM1011,0,,U,0,,13,13,11.3,22,71.5,24.5,U
19,2,22-Jan-19,CDRS,FOR,SM1012,0,,U,1,,12.2,12,10.1,22,65,21.8,U
20,2,22-Jan-19,CDRS,FOR,SM1013,0,,U,0,,10.6,10,8,19.3,64,18.2,U/I
21,2,22-Jan-19,CDRS,CRA,JP5410,1,,M,5,,11.1,12,10,24.9,82,30.4,U
22,2,22-Jan-19,CDRS,CRA,SM1014,0,,M,5,,11.3,11.9,9.5,28,84,31.4,U
23,2,22-Jan-19,CDRS,FUL,SM007,0,,F,0,bp,6.4,8.5,6.4,17.2,57,11.7,U
24,2,22-Jan-19,CDRS,CRA,SM1015,0,,M,5,,10.05,10.16,9.9,24.3,81,28.3,R
25,3,24-Jan-19,EG,CRA,SM1016,0,,F,0,BP,9.1,10.65,9.2,15.75,82,30.4,U
26,3,24-Jan-19,EG,FOR,C036956,1,OSOW,M,5,,11.6,11.3,10.05,21.4,72,21.8,U
27,3,24-Jan-19,EG,CRA,SM1017,0,,F,0,,9.35,11.1,8.95,24.9,81,31.2,U
28,3,24-Jan-19,EG,FOR,SM1018,0,,M,2,,10.3,10.5,8.95,19.6,65,17.8,U
29,3,24-Jan-19,EG,FOR,SM1019,0,,U,0,,12.6,11.8,10.5,21.75,72,23.2,U
30,3,24-Jan-19,EG,FOR,SM1020,0,,M,5,,10.95,10.6,9.5,19.6,68,17.9,U
31,3,24-Jan-19,EG,CRA,SM1021,0,,M,5,,10.1,10.8,9.95,26.9,85,29.2,U
32,3,24-Jan-19,EG,FOR,SM1022,0,,U,0,,11.15,10.3,8.6,19.9,65.5,,I
33,3,24-Jan-19,EG,PAR,SM008,0,,U,0,,6.95,6.6,6.15,17.9,58,14.2,U
34,3,24-Jan-19,EG,FOR,SM1023,0,,U,0,,11.4,11.1,9.2,20.75,75,19.9,U
35,3,24-Jan-19,EG,CRA,SM1024,0,,M,5,,9.5,11.45,9.98,26.1,82,32.4,R
36,3,25-Jan-19,EG,GAMO,DC724,1,BlSYBk,M,,,14.5,,,33.9,110,48.7,U
37,4,25-Jan-19,EG,FOR,SM1025,0,,M,1,,12,11.8,9.6,20.5,72,20.9,U
38,4,25-Jan-19,EG,FOR,SM1026,0,,U,3,,11.4,9.4,8.3,18.6,65.5,17.6,I
39,4,25-Jan-19,EG,FOR,SM1027,0,,M,3,,11.4,10.45,8.7,21.4,67,17.7,U
40,4,25-Jan-19,EG,FUL,SM009,0,,M,5,,7.75,7.3,16.6,18.9,60,13.5,U
41,4,25-Jan-19,EG,FUL,SM010,0,,M,0,,8.55,7.05,6.5,19.15,60.5,14.9,U
42,4,25-Jan-19,EG,FUL,SM011,0,,M,0,,7.85,7.6,6.2,17.6,60.5,12.6,U
43,4,25-Jan-19,EG,FUL,SM012,0,,U,0,,8.6,7.5,6.7,17.2,58.5,13.5,U
44,4,25-Jan-19,EG,FUL,SM013,0,,U,0,,8.05,7,6.4,17.85,59,14.8,U
45,4,25-Jan-19,EG,GAMO,DC752,0,SGOBk,F,0,,14.1,,,33.6,101,52.8,U
46,4,25-Jan-19,EG,GAMO,DC731,1,RSBkBl,M,0,,15.7,,,36.8,108,50.4,R
47,4,25-Jan-19,EG,FUL,SM015,0,,F,0,,8.8,7.1,6.7,17.1,60,16.2,U
48,4,25-Jan-19,EG,FOR,SM1028,0,,U,0,,10,8.15,7.8,19.5,63.5,16.1,U
49,5,25-Jan-19,EG,GAMO,DC756,0,SYBlBL,M,,,14.3,,,33.4,109,46.4,U
50,5,25-Jan-19,EG,FOR,SM1029,0,,U,0,,11.9,11.95,9.8,18.8,70,20.3,U
51,5,25-Jan-19,EG,GAMO,DC754,0,GyYSY,F,,,14.55,,,31.1,99,50.1,U
52,5,25-Jan-19,EG,FOR,JP5639,1,,M,5,,11.7,12,9.95,19.5,70,22.3,R
53,5,25-Jan-19,EG,FUL,SM014,0,,M,2,,7.05,7.2,6.4,18.5,61,14.6,U
54,5,26-Jan-19,CDRS,FOR,SM1030,0,,U,0,,10.9,10.9,8.75,20.05,66.5,17.3,U
55,5,26-Jan-19,CDRS,GAMO,DC753,0,SRR,U,,,14.3,,,33.1,109,46.8,U
56,5,26-Jan-19,CDRS,FOR,SM1031,0,,F,0,,10.25,9.6,8.25,20.1,65,19.5,U
57,5,26-Jan-19,CDRS,CRA,SM1032,0,,F,0,,10.2,10.55,9,25.5,78,31.8,R
58,5,26-Jan-19,CDRS,CRA,SM1033,0,,M,5,,9.85,11.4,9.25,27.9,86,29.5,I
59,5,26-Jan-19,CDRS,CRA,SM1034,0,,M,5,,10.6,11.6,9.75,23.85,81,28.8,U
60,5,26-Jan-19,CDRS,FOR,SM1035,0,,M,3,,12.55,13.3,11.1,22.6,74,24.8,U
61,6,26-Jan-19,CDRS,CRA,SM1036,0,,F,0,bp,9.8,11,9.2,24.45,76,29.9,R
62,6,26-Jan-19,CDRS,CRA,SM1037,0,,F,0,bp,9.55,11.1,9.05,26.61,76.5,26.9,U
63,6,26-Jan-19,CDRS,FOR,SM1038,0,,U,1,,10.6,10.75,8.95,19.2,63,17.7,U
64,6,26-Jan-19,CDRS,CRA,SM1039,0,,F,0,bp,9.85,11.05,9.1,25.3,80,31.1,U
65,6,26-Jan-19,CDRS,CRA,SM1040,0,,F,0,bp,9.9,11.2,9.15,25.7,80,26.7,I
66,6,26-Jan-19,CDRS,CRA,SM1041,0,,F,0,bp,10.3,11,9.6,25,77,35,U
67,6,26-Jan-19,CDRS,FOR,SM1042,0,,U,0,,11.15,10.85,8.95,20.9,65.5,19.8,U
68,6,26-Jan-19,CDRS,CRA,SM1043,0,,M,5,,10,11.6,9.7,26.7,85,22.6,U
69,6,26-Jan-19,CDRS,GAMO,DC757,0,S-WW,F,,bp,14.1,,,31.4,103,48,U
70,6,26-Jan-19,CDRS,CRA,SM1044,0,,M,3,,10.4,11.6,9.6,25.7,80,31,U
71,6,26-Jan-19,CDRS,FOR,SH048,1,,M,5,,13.1,14.1,11.25,21.55,75,26.7,I-R
72,6,26-Jan-19,CDRS,CRA,SM1045,0,,F,0,bp,10,10.95,9.15,24.65,79,34.3,U
73,7,26-Jan-19,CDRS,CRA,SM1046,0,,M,3,,10.4,11.25,9.4,27.7,79.5,30.9,R
74,7,26-Jan-19,CDRS,FOR,SM1047,0,,M,3,,11.3,11.7,9.2,20.2,65.5,21.3,I
75,7,26-Jan-19,CDRS,CRA,SM1048,0,,M,5,,10.3,10.4,9.4,26.7,80,29.1,R
76,7,26-Jan-19,CDRS,CRA,SM1049,0,,F,0,bp,9.95,11.1,9.55,24.8,81,22.2,U
77,7,28-Jan-19,CDRS,FUL,SM016,0,,M,5,,8.5,7.5,7.15,18.9,64,16.8,U
78,7,28-Jan-19,CDRS,FOR,SM1050,0,,M,3,,10.3,10.45,8.1,19.8,66.5,17.1,U
79,7,28-Jan-19,CDRS,FUL,LF5852,1,,F,0,bp,8.45,7.3,6.7,18.9,61,15.3,U
80,7,28-Jan-19,CDRS,CRA,SM1051,0,,F,0,bp,9.5,10.6,8.95,24.5,78,36.2,U
81,7,28-Jan-19,CDRS,CRA,RHC544,1,,M,5,,10.5,12,9.75,26.3,81,32.1,R
82,7,28-Jan-19,CDRS,CRA,SM1052,0,,U,0,,10,10.8,9.25,24.4,80.5,22.6,U
83,7,28-Jan-19,CDRS,FOR,SM1053,0,,F,0,,11.85,10.6,9.15,19.05,66,22.5,R
84,7,28-Jan-19,CDRS,CRA,RHC001,1,,M,5,,10.1,11.2,9.4,23.6,78.5,29.4,U
85,8,28-Jan-19,CDRS,FUL,SM017,0,,M,4,,8.6,7.6,7.05,18.05,67,15.1,U
86,8,28-Jan-19,CDRS,CRA,SM1054,0,,F,0,bp,10.25,11.05,10.2,25.25,81.5,36.6,U
87,8,28-Jan-19,CDRS,CRA,SM1055,0,,F,0,bp,10.05,11.1,9.45,25,82,28.8,U
88,8,28-Jan-19,CDRS,CRA,SM1056,0,,M,5,,10.05,11.8,9.15,25.05,83,29,U
89,8,28-Jan-19,CDRS,CRA,SM1057,0,,F,0,bp,11,11.2,9.1,23.6,77.5,22.2,U
90,8,28-Jan-19,CDRS,CRA,SM1058,0,,F,0,bp,10.05,10.85,9.25,24.85,80,30,U
91,8,28-Jan-19,CDRS,CRA,SM1059,0,,M,5,,10.55,11.35,8.55,26.65,81,26.7,U
92,8,28-Jan-19,CDRS,FUL,SM018,0,,M,4,,8.3,7.15,6.7,19.15,62,14.4,U
93,8,28-Jan-19,CDRS,CRA,SM1060,0,,M,5,,9.6,11.55,9.85,26,83.5,27.9,R
94,8,28-Jan-19,CDRS,CRA,SM1061,0,,M,5,,10.55,11.45,9.8,24.55,78.5,29.3,U
95,8,28-Jan-19,CDRS,CRA,SM1062,0,,M,5,,10.3,11.5,9.35,26.25,83,30.3,I
96,8,28-Jan-19,CDRS,PAR,JP9655,1,,U,0,,7.7,7.2,6.65,19.7,62.5,13,U
97,9,28-Jan-19,CDRS,MAG,SM1063,0,,F,0,BP,14.9,15.9,13.15,21.6,74,30.4,U
98,9,28-Jan-19,CDRS,FOR,SM1064,0,,M,5,,11.1,12.6,10.9,19.7,69.5,21.5,R
99,9,28-Jan-19,CDRS,FOR,C036956,1,OSOW,M,5,,11.9,11.35,9.7,20.65,71,21.6,U
100,9,29-Jan-19,CDRS,GAMO,DC758,,OOS,F,0,BP,14.1,,,33.45,102,42.3,R
101,9,29-Jan-19,CDRS,CRA,SM1065,0,,F,0,BP,10.05,11,8.7,23.6,79,29.9,I
102,9,29-Jan-19,CDRS,CRA,RHC138,1,,F,0,BP,10.45,10.9,8.95,26.65,80,29.5,U
103,9,29-Jan-19,CDRS,FOR,SM1066,0,,F,0,BP,11.6,12.15,10,19.1,69,24.9,U
104,9,29-Jan-19,CDRS,FOR,SM1067,0,,U,0,,10.7,9.9,8.75,19.65,68,20.2,U
105,9,29-Jan-19,CDRS,FUL,SM019,0,,M,5,,8.3,7.05,6.4,7,63.25,13.9,R
106,9,29-Jan-19,CDRS,CRA,SM1068,0,,M,5,,10.05,11.55,9.6,25.5,80,31.9,U
107,9,29-Jan-19,CDRS,CRA,SM1069,0,,M,5,,10.2,11.8,9.8,26.9,82,31.2,U
108,9,29-Jan-19,CDRS,CRA,JP5436,1,,M,5,,10.7,11.5,9.65,25.9,85,31.4,I
109,10,29-Jan-19,CDRS,PAR,RHC507,1,,M,5,,7.6,7.2,7.15,18.3,63,11.4,U
110,10,29-Jan-19,CDRS,FUL,SH020,0,,F,0,BP,7.6,6.9,5.9,16.2,60,15.6,U
111,10,29-Jan-19,CDRS,FUL,SM021,0,,M,5,,7.4,7.75,6.15,18.2,61,15.4,U
112,10,29-Jan-19,CDRS,CRA,RH545,1,,M,5,,10.9,11.4,9.7,25.25,82,32.5,R
113,10,29-Jan-19,CDRS,FOR,SM1070,0,,F,0,BP,11,9.95,8.6,18.5,62.5,20.4,I
114,10,29-Jan-19,CDRS,FUL,SM022,0,,M,5,CP,7.6,7.55,6.75,19.01,61,13.2,U
115,10,29-Jan-19,CDRS,FOR,SM1071,0,,M,5,CP0,11.1,11.1,8.9,20.9,70,18.7,I
116,10,30-Jan-19,CDRS,CRA,PP1A418,1,,M,5,,10.2,11.3,9.7,25.1,80,30,U
117,10,30-Jan-19,CDRS,FOR,SM1072,0,,M,4,,12.9,13.2,10.9,21.65,72,25.2,U
118,10,30-Jan-19,CDRS,CRA,SM1073,0,,F,0,BP,9.45,11.35,9.2,24.1,81,30.5,U
119,10,30-Jan-19,CDRS,FUL,JH1-420,1,,F,0,BP,7.75,7.8,6.3,9.5,59.5,13.5,U
120,10,30-Jan-19,CDRS,CRA,SM1074,0,,M,5,CP,11.1,11.7,10.2,29.95,80,30.3,U
121,11,30-Jan-19,CDRS,FOR,SM1075,0,,M,3,,11.4,12.3,9.9,20.9,70.5,21.5,U
122,11,30-Jan-19,CDRS,FOR,JP4522,1,,M,0,BP,11.3,10.45,8.7,18.9,65,20,U
123,11,30-Jan-19,CDRS,FUL,SM023,0,,M,3,,8.2,7.1,6.7,7.75,63,12.8,U
124,11,30-Jan-19,CDRS,CRA,SM1076,0,,M,5,CP,10.7,12.05,10.2,25.7,82,28.2,R
125,11,30-Jan-19,CDRS,CRA,SM1077,0,,M,5,CP0,10.9,12,9.85,26.7,83,30,U
126,11,30-Jan-19,CDRS,FOR,SM1078,0,,M,5,CP,13.4,13.1,11.45,11.35,72,24.3,U
127,11,30-Jan-19,CDRS,CRA,SM1079,0,,M,5,CP,10.5,10.75,9.4,24.6,82,27.7,U
128,11,30-Jan-19,CDRS,CRA,SM1080,0,,F,0,BP,10.4,11.1,9.5,23.1,76,28.1,I
129,11,30-Jan-19,CDRS,FOR,SM1081,0,,U,0,BP0/CP0,11.7,11.15,9.55,19.2,65,19.4,U
130,11,30-Jan-19,CDRS,CRA,PP1A412,1,,M,5,,10.5,11.7,9.8,25,83.5,32.9,U
131,11,30-Jan-19,CDRS,MAG,JP4501,1,,F,0,BP,15.7,16.7,14.25,21.15,75.5,30.1,U
132,11,31-Jan-19,CDRS,CRA,SM1082,0,,M,5,CP,10.15,11.9,10.1,25.4,82.5,29.5,U
133,12,31-Jan-19,CDRS,FOR,SM1083,0,,M,4,,11.7,11.95,10,20.2,71,22.1,U
134,12,31-Jan-19,CDRS,FUL,SM024,0,,M,5,,7.35,6.8,6.6,18.2,63,14.4,U
135,12,31-Jan-19,CDRS,CRA,SM1084,0,,M,5,,9.2,12.1,9,25.1,83,27.3,U
136,12,31-Jan-19,CDRS,CRA,SM1085,0,,M,5,CP,9.95,11.2,9.2,24.4,82,29.8,U
137,12,31-Jan-19,CDRS,CRA,JP4098,1,,M,5,CP1,10.4,11.3,9.4,24.9,84,29.5,U
138,12,31-Jan-19,CDRS,FUL,SM025,0,,M,5,cp0,8.1,7.35,6.3,16.2,62,12.6,U
139,12,31-Jan-19,CDRS,FOR,SM1086,0,,U,0,,11.1,11.1,8.75,19,63,18.8,U
140,12,31-Jan-19,CDRS,CRA,SM1087,0,,F,0,BP,10.3,11.35,9.35,24.1,79,29.3,U
141,12,31-Jan-19,CDRS,CRA,SM1088,0,,M,5,CP,10.35,11.8,10.1,25.5,87,31,U
142,12,31-Jan-19,CDRS,FOR,SM1089,0,,M,5,,11.4,12.2,10.75,19.1,71,21,U
143,12,31-Jan-19,CDRS,CRA,SM1090,0,,F,0,BP,11,11.5,9.65,24,80.5,30.1,U
144,12,31-Jan-19,CDRS,CRA,SM1091,0,,M,5,,10.85,11.8,9.2,26.3,85,30.6,U
145,13,31-Jan-19,CDRS,FOR,SM1092,0,,F,0,BP,11.7,10.25,8.75,19.2,66,,R
146,13,31-Jan-19,CDRS,CRA,SM1093,0,,M,5,CP,10.45,12.05,9.8,23.2,82.5,30.7,U
147,13,31-Jan-19,CDRS,PAR,SM026,0,,F,0,BP,7.9,7,6.4,17.2,68.5,13,U
148,13,31-Jan-19,CDRS,FOR,SM1094,0,,M,0,CP1,11.7,12.4,10.2,20.8,74,23.4,U
149,13,31-Jan-19,CDRS,CRA,SM1095,0,,M,5,CP,10.15,11.4,9.55,23.9,84,30,U
150,13,1-Feb-19,EG,GAMO,DC759,0,,U,0,BP0/CP0,15.1,,,33.3,10.1,43.7,U
151,13,1-Feb-19,EG,GAMO,DC703,1,,M,,CP,15.1,,,34.8,11.2,50.3,I
152,13,1-Feb-19,EG,SCA,SH214,1,,M,5,CP1,13.95,9.6,8.1,20.5,72,22.5,U
153,13,1-Feb-19,EG,SCA,SM1096,0,,M,3,BP,12.2,10.2,8.9,19.8,71,22.3,U
154,13,1-Feb-19,EG,SCA,SM1097,0,,F,0,,15,8.85,7.6,19.5,61,20.3,U
155,13,1-Feb-19,EG,SCA,SH1517,1,,M,4,,13.8,9.9,8.3,19.6,70,22.2,U
156,13,1-Feb-19,EG,SCA,SM1098,0,,M,5,,14,9.2,8.2,18.5,70,20.6,U
157,14,1-Feb-19,EG,FUL,JP671,1,,M,5,,8.2,7.2,6.4,16.95,63,13.1,U
158,14,1-Feb-19,EG,FUL,SM027,0,,M,4,CP,8.2,7.4,6.6,19,61,14.7,U
159,14,1-Feb-19,EG,GAMO,DC760,0,,M,0,,16.85,,,34,105,45.3,U
160,14,1-Feb-19,EG,FOR,SM1099,0,,M,5,,11.3,11.85,9.3,18.65,71.5,20.9,U
161,14,1-Feb-19,EG,GAMO,DC761,0,,F,0,,15.3,,,33.05,100.5,45.5,R
162,14,1-Feb-19,EG,FUL,SM028,0,,F,0,BP,8.45,7.2,6.25,7.4,61.5,15.2,R
163,14,1-Feb-19,EG,FOR,SM1100,0,,U,0,BP0/CP0,10.7,11.65,10,19.85,68,20.3,U
164,14,4-Feb-19,CDRS,CRA,SM1101,0,,F,0,,10.6,11.15,8.6,24.9,81,29.2,U
165,14,4-Feb-19,CDRS,FOR,JP4483,1,,M,5,CP,11.7,11.7,9.2,20.6,72,20.5,U
166,14,4-Feb-19,CDRS,CRA,SM1102,0,,F,0,,12.25,11.8,9.3,24.15,75,30.1,U
167,14,4-Feb-19,CDRS,FOR,SM1103,0,,F,0,BP1,12.7,11.9,9.65,20.3,69,21.9,U
168,14,4-Feb-19,CDRS,GAMO,DC762,0,,U,0,,15.8,,,36,105,46.7,I
169,15,4-Feb-19,CDRS,CRA,SM1103,0,,M,5,,10.15,11.7,8.6,24.9,82,29.6,I-R
170,15,4-Feb-19,CDRS,CRA,SM1104,0,,M,5,,10.8,10.9,9.6,26.8,80.5,29.3,U
171,15,4-Feb-19,CDRS,CRA,SM1105,0,,M,5,CP,11.4,12.09,9.65,24,82,31,U
172,15,4-Feb-19,CDRS,CRA,SM1106,0,,M,1,,10.7,11.55,9.7,25.5,81.5,30.8,U
173,15,4-Feb-19,CDRS,CRA,SM1107,0,,M,5,CP,10.5,10.95,9.6,25.5,80,32.6,R
174,15,4-Feb-19,CDRS,CRA,JP4370,1,,M,5,,11.1,11.45,9.5,27.85,83,31.9,I
175,15,4-Feb-19,CDRS,CRA,SM1108,0,,M,5,,10.4,11.55,9.7,25.5,81.5,22,U
176,15,4-Feb-19,CDRS,CRA,SM1109,0,,M,2,,11.4,12.1,9.75,24.55,82,31.1,I
177,15,4-Feb-19,CDRS,FUL,SH029,0,,M,5,CP,7.6,8,6.2,16.1,58,14,U
178,15,4-Feb-19,CDRS,CRA,SM1110,0,,M,5,,10.5,11.8,9.95,25.2,79.5,30,R
179,15,4-Feb-19,CDRS,PAR,SM030,0,,M,1,CP,7.6,7.05,6.2,20.05,62,12.7,U
180,15,4-Feb-19,CDRS,CRA,SM1111,0,,M,5,CP,10.65,11.8,9.7,26.1,83,30.7,I
181,16,4-Feb-19,CDRS,MAG,SM1112,0,,M,3,CP0,15.1,17.7,14.1,23.9,79,33.2,U
182,16,4-Feb-19,CDRS,FOR,SM1113,0,,F,0,BP,10.2,9.7,8.7,18.3,62,17.5,U
183,16,4-Feb-19,CDRS,CRA,SM1114,0,,M,5,,9.65,12.25,9.65,24.6,83.5,30.6,R
184,16,4-Feb-19,CDRS,CRA,SM1115,0,,F,0,BP,10.2,11.2,9.85,23.6,79,31,I-R
185,16,4-Feb-19,CDRS,CRA,P1A120,1,,M,5,CP,10.4,11.85,9.45,24.9,85,31.5,U
186,16,4-Feb-19,CDRS,FOR,JH1B079,1,,M,5,CP0,11.3,12.4,9.8,19.04,68.5,21,U
187,16,4-Feb-19,CDRS,CRA,SM1116,0,,M,5,CP,10.7,12,10,26.6,78,33.3,U
188,16,4-Feb-19,CDRS,FOR,SM1117,0,,F,0,BP,12.7,11.85,9.8,19.75,78.5,21.9,U
189,16,4-Feb-19,CDRS,CRA,JP4656,1,,M,5,,10.45,11.55,9.65,26.6,86,30.9,R
190,16,4-Feb-19,CDRS,CRA,SM1118,0,,M,1,CP0,10.35,11.9,9.5,25.45,81.5,30.4,U
191,16,4-Feb-19,CDRS,CRA,SM1119,0,,M,5,CP0,10.5,11.2,9.9,26.1,83.5,29.9,U
192,16,4-Feb-19,CDRS,FOR,,0,,M,3,CP0,10.35,10.55,8.6,19.75,69,19.9,U
193,17,4-Feb-19,CDRS,CRA,SM1121,0,,M,5,CP,10.5,11.55,9.6,26,83,32.1,U
194,17,4-Feb-19,CDRS,CRA,,0,,M,4,CP,10.4,11.9,9.35,25.5,86,32.3,U
195,17,4-Feb-19,CDRS,CRA,SH1285,1,,,,CP1,,,,,,28.8,R
196,17,4-Feb-19,CDRS,CRA,SM1122,0,,M,5,,10.5,12,9.45,25.1,82,30.1,U
197,17,4-Feb-19,CDRS,CRA,SM1123,0,,M,5,CP0,11,12.15,10.1,25.7,85,33.3,U
198,17,4-Feb-19,CDRS,CRA,SM1124,0,,M,5,,10.35,11.9,9.9,25.8,81.5,31.4,R
199,17,4-Feb-19,CDRS,FOR,SM1125,0,,M,4,CP0,11.2,11.85,9.55,19.9,60.5,15.8,U
200,17,4-Feb-19,CDRS,CRA,SM1126,0,,F,0,BP,9.7,11.05,9.2,21.1,78.5,35.4,U
201,17,5-Feb-19,CDRS,CRA,SM1127,0,,M,5,CP1,10.45,11.6,9.5,24.5,80,30.6,U
202,17,5-Feb-19,CDRS,CRA,SM1128,0,,F,0,BP,9.5,11.3,9.35,25.45,79,34.4,U
203,17,5-Feb-19,CDRS,CRA,SM1129,0,,F,0,BP,9.9,11.5,9.6,24.25,82,30.5,R
204,17,5-Feb-19,CDRS,PAR,SM031,0,,M,2,CP,7.95,7.2,6.2,9.4,63,13.2,U
205,18,5-Feb-19,CDRS,CRA,SM1130,0,,M,3,,10.3,11.85,9.3,23.75,79,30.1,I
206,18,5-Feb-19,CDRS,CRA,SM1131,0,,M,2,CP,10,12.1,8.9,25.4,84,36.6,U
207,18,5-Feb-19,CDRS,CRA,SM1132,0,,F,0,BP,10.5,11.1,9.5,25.1,82,35,U
208,18,5-Feb-19,CDRS,FOR,SM1133,0,,M,3,CP1,12.6,12.1,10.5,19.2,71,21.9,U
209,18,5-Feb-19,CDRS,CRA,SM1134,0,,M,2,,10.35,11.85,9.9,24.05,80,31.8,U
210,18,5-Feb-19,CDRS,CRA,SM1135,0,,F,0,BP,10.9,11.35,9.15,23.9,79,31.3,U
211,18,5-Feb-19,CDRS,CRA,SM1136,0,,M,5,CP,10.1,10.05,9.7,23.8,83,30.2,U
212,18,5-Feb-19,CDRS,CRA,SM1137,0,,M,5,CP,10.2,12.2,9.8,25.3,83,31.2,U
214,18,5-Feb-19,CDRS,CRA,JP5623,1,,F,0,BP,10.6,10.7,9.6,23.3,79,28.6,R
215,18,5-Feb-19,CDRS,CRA,SM1138,0,,M,5,CP2,10.6,11.65,9.75,24.7,83,30.9,I
216,18,5-Feb-19,CDRS,MAG,SM1139,0,,M,5,,13.65,16.7,13.6,22.1,77,31.1,R
217,19,5-Feb-19,CDRS,CRA,SM1140,0,,M,5,,11.2,12.55,9.7,25.9,85,32.3,U
218,19,5-Feb-19,CDRS,CRA,SM1141,0,,M,5,,10,11.2,10.15,24.75,83,32,U
219,19,5-Feb-19,CDRS,FOR,SM1142,0,,F,,,14.8,14.8,12.1,20.45,71,28.6,U
220,19,5-Feb-19,CDRS,CRA,RHC288,1,,M,4,,10.2,11.75,10.5,25.4,81,32.2,I
221,19,5-Feb-19,CDRS,PAR,SM032,0,,M,2,,71,7.3,6.3,19.4,61,12,U
222,19,5-Feb-19,CDRS,FUL,,0,,F,0,,81,6.7,5.85,17.9,55,26.9,U
223,19,5-Feb-19,CDRS,FOR,SH1143,0,,M,4,,12.8,13.2,11.8,20.6,72,22.8,R
224,19,5-Feb-19,CDRS,PAR,SH034,0,,F,0,,8.1,7.1,5.9,6.5,55,14,U
225,19,5-Feb-19,CDRS,FUL,SH035,0,,M,4,,8.2,7.3,6.4,8.1,61,13.2,U
226,19,5-Feb-19,CDRS,MAG,SM1144,0,,M,5,,14.15,18.3,13.75,23.2,75,30.1,U
227,19,5-Feb-19,CDRS,FUL,PP1465,1,,M,4,,8.8,7.85,6.4,17.5,60,13.5,R
228,20,6-Feb-19,CDRS,CRA,SM1145,0,,M,5,CP,10.4,12.1,9.7,25.2,84,30.3,U
229,20,6-Feb-19,CDRS,CRA,SM1146,0,,M,5,CP,10.6,11.3,9.6,25.55,82,30.6,U
230,20,6-Feb-19,CDRS,GAMO,DC757,1,S-WW,F,,,,,,,,42.3,
231,20,6-Feb-19,CDRS,CRA,SH1156,1,,M,5,CP,11.3,11.9,10.2,26.5,83,30.7,R
232,20,6-Feb-19,CDRS,CRA,SM1147,0,,M,5,,10.55,11.4,9.9,25.7,84.5,33.7,I-R
233,20,6-Feb-19,CDRS,CRA,SM1148,0,,M,5,CP1,10.4,12.05,9.6,25.25,82.5,31.3,R
234,20,6-Feb-19,CDRS,CRA,SM1149,0,,M,5,CP,11.05,12.3,9.75,26.8,86,28.7,U
235,20,6-Feb-19,CDRS,CRA,SM1150,0,,M,4,,10.4,10,9.6,25.55,81,33.7,R
236,20,6-Feb-19,CDRS,FOR,SM1151,0,,M,2,,11.5,11.3,9.9,20.15,71.5,18.2,U
237,20,6-Feb-19,CDRS,CRA,SM1152,0,,M,5,,,,,,,30.3,I
238,20,6-Feb-19,CDRS,FUL,SM037,0,,M,5,CP1,8.1,7.2,6.5,18.35,63,13.8,U
239,20,6-Feb-19,CDRS,CRA,SM1153,0,,M,4,,10.7,11.9,9.5,25.45,81,30.8,U
240,21,6-Feb-19,CDRS,CRA,SM1154,0,,M,5,,10.5,11.55,9.9,25.7,84,32,U
241,21,6-Feb-19,CDRS,CRA,RHC499,1,,M,4,,10.45,12,9.7,26.6,80,32.3,R
242,21,6-Feb-19,CDRS,CRA,SH1324,0,,M,5,,10.7,11.7,10,24.2,84,31.5,I
243,21,6-Feb-19,CDRS,CRA,SM1155,0,,M,5,CP0,10.5,12.1,9.55,24.8,82.5,31.6,U
244,21,6-Feb-19,CDRS,CRA,SM1156,0,,M,5,,10,11.3,10,24,81,30.1,I
245,21,6-Feb-19,CDRS,FUL,SM038,0,,M,4,,8.55,7.45,6.7,18.2,64,14.1,I
246,21,6-Feb-19,CDRS,CRA,SM1157,0,,M,5,,10.5,11.55,9.7,25.1,84,40.1,I
247,21,6-Feb-19,CDRS,CRA,SH1313,0,,M,4,,10.65,12.15,9.5,26.55,84,28.6,I-R
248,21,6-Feb-19,CDRS,FUL,SM039,0,,M,5,,8.2,7.55,6.5,16.5,60,14,U
249,21,6-Feb-19,CDRS,CRA,SM1158,1,,M,3,,9.75,11.8,10.1,25.1,83,21.5,U
250,21,6-Feb-19,CDRS,FOR,RHC487,0,,F,0,BP,11.15,11.35,8.8,17.75,68,21.6,R
251,21,11-Feb-19,CDRS,CRA,SM1159,0,,M,1,CP1,10.55,10.4,9.9,26.05,84.5,30,U
252,22,11-Feb-19,CDRS,PAR,SM040,0,,M,4,CP0,7.2,7.3,6.7,19.1,63.5,12.7,U
253,22,11-Feb-19,CDRS,SCA,SM1162,0,,U,0,,12.05,8.55,8.15,21.1,68.5,23.8,U
254,22,11-Feb-19,CDRS,CRA,SM1160,0,,M,5,CP1,10.95,11.8,9.8,25.55,81,32,U
255,22,11-Feb-19,CDRS,CRA,SM1161,0,,F,0,BP5,11.2,11.8,9.4,26,83,28.2,U
256,22,11-Feb-19,CDRS,FUL,SM041,0,,U,0,,8.1,7.3,6.45,18.1,59,12.9,U
257,22,11-Feb-19,CDRS,CRA,SM1163,0,,M,5,,10.25,11.85,9.05,24.3,83,29.2,I
258,22,11-Feb-19,CDRS,FOR,SM1164,0,,F,3,,12.8,14.25,10.65,20.5,76,24.7,R
259,22,11-Feb-19,CDRS,CRA,SM1165,0,,M,5,CP3,10.5,12.5,10.05,25.85,84,33.1,U
260,22,11-Feb-19,CDRS,CRA,SM1166,0,,M,5,CP3,10.2,11.7,9.65,27,83,31.8,U
261,22,11-Feb-19,CDRS,FOR,SM1167,0,,M,5,CP0,12.2,13,10.2,20.9,73,24.1,R
262,22,11-Feb-19,CDRS,CRA,JP5859,1,,M,4,CP1,10,12,9.7,24.9,80.2,32.3,U
263,22,11-Feb-19,CDRS,CRA,RHC484,1,,M,,,10.5,12.35,9.9,26.1,81.3,30.7,U
264,23,11-Feb-19,CDRS,CRA,SM1168,0,,M,5,CP2,10.7,11.8,10.2,25.8,83,29.8,U
265,23,11-Feb-19,CDRS,PAR,SM042,0,,F,0,BP4,7.2,7.2,6.45,19,56,12.8,U
266,23,11-Feb-19,CDRS,CRA,SM1169,0,,M,5,,10.4,12.3,10,23.65,82.5,30,U
267,23,11-Feb-19,CDRS,FOR,SM1170,0,,M,4,CP0,12,11.3,9.1,19.75,70,20.5,R
268,23,11-Feb-19,CDRS,FOR,SM1171,0,,M,5,CP2,13.7,14.9,11.85,22.4,76,25.9,U
269,23,11-Feb-19,CDRS,FOR,SM1172,0,,F,0,BP5,10.5,10.8,8.2,18.5,65,19.8,R
270,23,12-Feb-19,CDRS,CRA,SM1173,0,,M,4,,11.44,11.34,10.19,27.39,86,31,R
271,23,12-Feb-19,CDRS,MAG,SM1174,0,,F,0,BP4,14.86,16.88,13.83,24.18,74,30.7,I
272,23,12-Feb-19,CDRS,FOR,SM1175,0,,M,5,CP1,12.03,11.65,9.99,23.81,74,20.7,U
273,23,12-Feb-19,CDRS,CRA,SM1176,0,,M,5,BP2,10.68,11.68,9.63,29.73,85,31.6,U
274,23,12-Feb-19,CDRS,FUL,SM043,0,,F,0,,8.81,7.21,6.95,19.54,58,14.5,R
275,23,12-Feb-19,CDRS,CRA,SM1177,0,,M,1,,9.69,11.17,9.97,27.15,83,31,U
276,24,12-Feb-19,CDRS,FOR,SM1178,0,,M,4,,10.78,9.74,9.24,23.38,69,17.9,R
277,24,12-Feb-19,CDRS,CRA,SM1179,0,,M,4,CP2,10.17,11.18,9.82,28.87,83,29.7,U
278,24,12-Feb-19,CDRS,CRA,SM1180,0,,M,3,,10.72,11.8,10.42,30.46,86,33.7,R
279,24,12-Feb-19,CDRS,CRA,RHC540,1,,M,4,,10.81,10.73,9.54,27.86,81,32.4,U
280,24,12-Feb-19,CDRS,FOR,SM1181,0,,F,0,,12.93,12.56,10.67,22.2,70,26,U
281,24,12-Feb-19,CDRS,FOR,SM1182,0,,M,5,,11.94,11.05,8.77,19.26,67.5,21.1,R
282,24,12-Feb-19,CDRS,FOR,SM1183,0,,F,0,BP4,11.68,13.63,10.26,18.7,70,28.9,I
283,24,12-Feb-19,CDRS,FUL,SM045,0,,M,,,8.22,6.66,7.2,18.25,60,13.7,R
284,24,12-Feb-19,CDRS,CRA,SM1184,0,,M,,,10.71,10.62,10.62,27.81,83,32.2,U
285,24,12-Feb-19,CDRS,CRA,JP4330,1,,M,4,,10.65,11.68,10.27,28.92,86,31.7,U
286,24,12-Feb-19,CDRS,FOR,SM1186,0,,M,5,,11.21,11.89,10.48,22.8,71,20.7,U
287,24,12-Feb-19,CDRS,CRA,SM1187,0,,M,4,,10.03,12.9,10.53,22.81,82,33.5,R
288,25,12-Feb-19,CDRS,CRA,SM1188,0,,F,0,,11.05,11.71,8.88,25.2,80,29.8,I
289,25,12-Feb-19,CDRS,CRA,JP5772,1,,M,4,,11.23,12.7,10.15,26.48,84,32.7,R
290,25,12-Feb-19,CDRS,FUL,SM044,0,,F,0,,8.31,7.08,5.96,16.79,57.5,13.4,U
291,25,12-Feb-19,CDRS,FOR,SM1189,0,,M,5,,11.27,11.52,9.13,20.01,69.5,39.7,R
292,25,13-Feb-19,CDRS,FOR,SM1190,0,,M,5,,11.72,10.09,9.01,20.98,70,19.6,I
293,25,13-Feb-19,CDRS,FUL,SM046,0,,M,5,,7.09,6.93,6.94,19.71,61,15.2,R
294,25,13-Feb-19,CDRS,CRA,LF0907,1,,M,4,,11.23,11.41,9.83,27.38,86,32.3,I
295,25,13-Feb-19,CDRS,FOR,SM1191,0,,M,5,,12.78,12.29,11.44,22.43,71,23.2,R
296,25,13-Feb-19,CDRS,FOR,SM1192,0,,M,5,,12.03,11.39,10.04,22.7,69,20.2,R
297,25,13-Feb-19,CDRS,CRA,SM1193,0,,M,4,,10.45,11.01,9.68,27.72,83,31.1,R
298,25,13-Feb-19,CDRS,FOR,SM1194,0,,M,5,,12.4,12.09,10.33,23.36,75,22.2,U
299,25,13-Feb-19,CDRS,FOR,SM1195,0,,F,0,,11.15,10.77,9.31,22.65,67,25.3,R
300,26,13-Feb-19,CDRS,FOR,SM1196,0,,M,5,,10.79,11.18,9.92,21.97,71,20.2,R
301,26,13-Feb-19,CDRS,FOR,SM1197,0,,F,0,,11.49,11.11,9.97,21.16,67,20.3,I
302,26,13-Feb-19,CDRS,CRA,SM1198,0,,M,4,,10.46,12.06,10.05,25.27,82.5,31.6,I
303,26,13-Feb-19,CDRS,CRA,RH0536,1,,M,5,,10.82,11.31,10.44,27.69,81,32.4,R
304,26,13-Feb-19,CDRS,CRA,SM1199,0,,M,2,,10.54,12.15,10.24,26.06,81.5,32,I
305,26,13-Feb-19,CDRS,CRA,SM1200,0,,M,4,,11.31,12.25,9.86,26.69,82.5,31.6,I
306,26,13-Feb-19,CDRS,CRA,PP1A493,1,,M,4,,10.89,13.22,10.08,24.73,84,33.7,I-R
307,26,13-Feb-19,CDRS,CRA,SM1201,0,,M,5,,10.27,11.81,10.11,26.73,84,31.1,R
308,26,13-Feb-19,CDRS,FOR,SM1202,0,,F,0,BP3,10.88,9.55,8.9,22.46,68,19.2,I-R
309,26,13-Feb-19,CDRS,FUL,SM047,0,,F,0,,8.57,7.51,6.86,18.54,59,13.7,U
310,26,13-Feb-19,CDRS,CRA,SM1203,0,,M,4,,10.26,11.86,9.78,25.09,82.5,33.2,R
311,26,13-Feb-19,CDRS,CRA,PP1A365,1,,M,4,,10.91,11.89,9.77,25.92,82.5,33.2,U
312,27,13-Feb-19,CDRS,FOR,SM1204,0,,M,4,,11.28,11.41,9.27,19.85,69,19.8,I
313,27,13-Feb-19,CDRS,CRA,SM1205,0,,U,1,,10.33,11.3,9.09,25.98,82.5,31.8,I
314,27,13-Feb-19,CDRS,CRA,SM1206,0,,M,,,10.31,12.09,9.65,25.15,83,31.9,U
315,27,13-Feb-19,CDRS,CRA,SM1207,0,,F,0,BP,10.25,11.14,9.04,23.45,76,30.2,U
316,27,13-Feb-19,CDRS,GAMO,DC763,0,,M,,CP1,15.75,,,34.03,110,48.1,U
317,27,14-Feb-19,EG,FOR,SM1208,0,,U,0,BP0,10.38,12.2,7.96,19.86,66,16.9,U
318,27,14-Feb-19,EG,FUL,SM048,0,,M,3,BP4,8.41,7.5,6.79,18,58.5,13.6,U
319,27,14-Feb-19,EG,FOR,SM1209,0,,F,0,CP3,11.46,10.27,8.72,18.9,65,19.2,U
320,27,14-Feb-19,EG,FOR,SM1210,0,,M,3,BP4,12.59,14.02,11.57,19.69,72.5,26.6,U
321,27,14-Feb-19,EG,FOR,SM1211,0,,F,0,BP5,13,13.55,10.67,21,72,26.2,U
322,27,14-Feb-19,EG,SCA,LF0921,1,,F,0,,15.42,18.95,7.4,20.27,65,21.5,U
323,27,14-Feb-19,EG,FUL,(SM049),0,,M,4,,8.96,7.74,6.53,18.2,62,16.5,U
324,28,14-Feb-19,EG,FOR,SM1212,0,,M,3,,11.54,10.42,7.98,18.85,65,18.7,U
325,28,14-Feb-19,EG,FUL,SM050,0,,U,0,,8.28,6.86,5.73,18.49,56.5,12.1,I
326,28,14-Feb-19,EG,FUL,SM051,0,,U,0,,9.51,7.32,6.49,17.76,60,,U
327,28,14-Feb-19,EG,FUL,SM052,0,,M,3,,9.53,8.3,7.08,18.77,64.5,14.9,U
328,28,14-Feb-19,EG,FUL,SM053,0,,U,0,BP0,8.83,7.5,6.56,17.09,59.5,14,U
329,28,14-Feb-19,EG,FUL,SM055,0,,M,2,,8.35,7.71,6.63,18.13,62.5,14.9,U
330,28,14-Feb-19,EG,FOR,SH1413,1,,M,5,,11.84,12.05,9.75,19.69,69,22.1,U
331,28,14-Feb-19,EG,FUL,SM056,0,,M,5,,8.16,7.6,6.66,18.65,61,14.4,R
332,28,14-Feb-19,EG,FOR,SM1213,0,,F,0,BP3,11.17,10.76,9.25,19.13,67,21.5,I
333,28,14-Feb-19,EG,FOR,SH1414,1,,M,5,,13.32,14.32,10.87,21.59,74,24.5,U
334,28,14-Feb-19,EG,FOR,SM1214,0,,F,0,BP5,13.06,12.83,9.74,18.41,71,24.3,U
335,28,14-Feb-19,EG,FOR,SM1215,0,,F,0,BP4,11.24,10.86,8.65,18.92,67,20.8,R
336,28,14-Feb-19,EG,FUL,SM057,0,,M,1,,8.96,7.22,5.96,16.85,59.5,14.8,R
337,28,14-Feb-19,EG,FUL,SM058,0,,M,5,,9.41,7.92,6.53,18.36,62.5,17,U
338,28,14-Feb-19,EG,FOR,SM1216,0,,F,0,BP4,12.14,10.45,9.13,21.1,66,21.4,U
339,28,14-Feb-19,EG,FOR,SM1217,0,,F,0,BP4,11.23,10.64,8.88,17.42,63,21.3,U
340,28,14-Feb-19,EG,FOR,LF0103,1,,M,4,,11.04,10.09,8.91,21.31,67,18.6,I
341,28,14-Feb-19,EG,PAR,SM059,0,,U,0,,6.9,7.02,6.52,19.8,59,12.9,U
342,28,14-Feb-19,EG,FUL,SM060,0,,M,4,,8.7,7.26,7.12,19.86,64,15.3,R
343,28,14-Feb-19,EG,GAMO,DC764,0,RYRS,F,,BP5,14.94,,,31.68,100,,U
344,28,14-Feb-19,EG,FOR,SM1219,0,,F,0,BP3,12.15,11.07,9.32,21.02,67,23.1,I
345,28,14-Feb-19,EG,FOR,SM1218,0,,F,0,,10.35,9.93,9.08,19.91,64,20.2,U
346,28,14-Feb-19,EG,FUL,JP9650,1,,M,5,,9.09,6.53,7.71,18.44,64,14.4,U
347,28,14-Feb-19,EG,GAMO,DC765,0,,M,0,,15.13,,,32.57,105,46.2,U
348,28,14-Feb-19,EG,FOR,SM1220,0,,M,3,,11.59,12.32,10.9,21.72,69,23,U
349,28,14-Feb-19,EG,CRA,SM1221,0,,M,5,,10.81,11.46,9.46,25.83,80,32,I
350,29,15-Feb-19,EG,FOR,SM1222,0,,F,0,BP5,9.96,8.06,7.01,16.94,60,17,U
351,29,15-Feb-19,EG,FOR,SM1223,0,,F,0,BP5,10.65,9.72,8.19,18.53,62.5,16,R
352,29,15-Feb-19,EG,FOR,SM1224,0,,M,5,,11.97,12.36,9.86,20.5,70.5,21.2,U
353,29,15-Feb-19,EG,FUL,SM062,0,,F,0,BP4,8.13,7.3,6.6,18.57,60.5,14.29,U
354,29,15-Feb-19,EG,FOR,SM1225,0,,F,0,BP5,11.52,10.72,8.35,19.09,64.5,31.9,U
355,29,15-Feb-19,EG,FUL,SM063,0,,M,5,,9.06,8.34,7.4,19.14,63,15.3,I
356,29,15-Feb-19,EG,FUL,SM064,0,,M,5,,8.09,8.1,6.95,18.29,60.5,14.4,U
357,29,15-Feb-19,EG,FOR,SM1226,0,,F,0,BP5,12.85,13.28,11.04,21.75,69.5,24.5,U
358,29,15-Feb-19,EG,FUL,SM065,0,,F,0,BP5,9.16,7.69,6.4,17.27,58,12.2,R
359,29,15-Feb-19,EG,FUL,SM066,0,,M,5,,8.15,7.35,7.31,18.06,64,14.4,U
360,29,15-Feb-19,EG,FUL,SM067,0,,M,5,,8.09,7.74,6.67,17.86,60.5,13.8,U
361,29,15-Feb-19,EG,FUL,SM068,0,,F,0,BP5,8.02,7.32,5.92,16.87,59,12.7,U
362,30,15-Feb-19,EG,FUL,SM069,0,,M,4,,8.64,8.13,7.26,19.02,62,15.6,U
363,30,15-Feb-19,EG,FUL,SM070,0,,M,5,,9.23,8.26,7.1,18.46,64.5,14.8,R
364,30,15-Feb-19,EG,FUL,SM071,0,,F,0,BP5,8.95,7.49,6.83,18.85,60,14.2,U
365,30,15-Feb-19,EG,GAMO,DC766,0,WBkSBk,M,,CP2,14.73,,,34.99,108,45.5,U
366,30,15-Feb-19,EG,FOR,SM1227,0,,M,2,,11.71,11.41,9.72,19.45,69,21.4,U
367,30,15-Feb-19,EG,FOR,JP1722,1,,M,4,,12.13,12.34,10.55,23.71,74,23.3,R
368,30,15-Feb-19,EG,FOR,SM1228,0,,M,1,,11.36,10.34,9.24,19.98,69,19.3,U
369,30,15-Feb-19,EG,FUL,SM073,0,,F,0,BP5,8.75,7.52,6.98,20.71,59,13.8,U
370,30,15-Feb-19,EG,FOR,SM1229,0,,F,0,,13.4,13.65,11.43,21.36,75,22.5,R
371,30,15-Feb-19,EG,FUL,SM072,0,,F,0,BP4,8.69,7.34,7.28,18.06,60,13.9,U
372,30,15-Feb-19,EG,FOR,SM1230,0,,F,0,,11.15,10.55,9.94,19.53,65,22.3,U
373,30,15-Feb-19,EG,FUL,SM074,0,,M,3,,8.69,6.99,6.62,19.64,60,13.7,U
374,31,15-Feb-19,EG,FUL,SM075,0,,F,0,,8.17,7.08,6.67,19.26,56,13.7,I
375,31,15-Feb-19,EG,GAMO,DC706,1,GOGS,F,0,,15.34,,,33.08,107,43.3,U
376,31,18-Feb-19,CDRS,GAMO,DC767,0,S-YY,F,0,BP5,14.46,,,33.92,100,40.4,U
377,31,18-Feb-19,CDRS,FOR,SM1231,0,,M,2,,12.92,11.67,9.34,21.81,69,22.1,I
378,31,18-Feb-19,CDRS,FOR,SM1232,0,,M,5,,11.39,11.79,9.6,18.5,72,21.1,I
379,31,18-Feb-19,CDRS,FOR,SM1233,0,,F,0,BP5,9.31,9.95,8.01,18.04,64,17.2,U
380,31,18-Feb-19,CDRS,CRA,LF0471,1,,F,0,,10.66,11.58,9.27,23.98,80,31,U
381,31,18-Feb-19,CDRS,CRA,SM1234,0,,F,0,,10.44,11.42,8.51,22.75,75,26.9,I
382,31,18-Feb-19,CDRS,CRA,RHF004,1,,M,5,,10.26,11.55,9.52,24.69,81,28.5,I
383,31,18-Feb-19,CDRS,CRA,JP4481,1,,M,4,,10.7,12.27,9.9,26.41,85,29.8,I
384,31,18-Feb-19,CDRS,CRA,SM1236,0,,M,5,,10.35,11.34,8.75,24.17,84.5,30.4,R
385,31,18-Feb-19,CDRS,FOR,SM1237,0,,M,4,,11.05,11.15,8.77,20.94,70,19.3,I
386,32,18-Feb-19,CDRS,CRA,SM1238,0,,M,4,CP3,10.12,11.78,9.36,25.16,81,32.3,I
387,32,18-Feb-19,CDRS,CRA,SM1239,0,,M,4,CP1,10.7,12.19,10.24,26.59,83,29.3,I
388,32,18-Feb-19,CDRS,CRA,RHC522,1,,M,5,,10.79,12.18,10.33,24.91,80,29.3,U
389,32,18-Feb-19,CDRS,CRA,SM1240,0,,M,5,,11.12,12.38,9.73,25.37,80.5,36.1,U
390,32,18-Feb-19,CDRS,CRA,SM1241,0,,M,5,,10.29,12.02,9.59,25.39,82,35.2,I
391,32,18-Feb-19,CDRS,FOR,SM1242,0,,F,0,,12.08,12.4,9.5,19.92,69,23.6,R
392,32,18-Feb-19,CDRS,SCA,SM1162,1,,U,0,,12.37,8.66,8,20.53,69,20.6,I
393,32,18-Feb-19,CDRS,CRA,SM1243,0,,M,3,,10.64,12.16,9.83,25.2,81,24.4,I
394,32,18-Feb-19,CDRS,CRA,JP5870,1,,F,0,,9.86,11.43,8.64,23.8,77,30.3,R
395,32,18-Feb-19,CDRS,FOR,SM1244,0,,M,5,,12.51,13.67,10.85,20.48,74.5,22.8,R
396,32,18-Feb-19,CDRS,FOR,SM1245,0,,F,0,,11.85,11.18,8.75,17.55,66,20.5,I
397,32,18-Feb-19,CDRS,PAR,RHC097,1,,M,1,,7.56,7.42,6.44,18.71,63,,U
398,33,18-Feb-19,CDRS,CRA,SM1246,0,,M,4,,10.63,11.76,9.83,24.71,81,29,I
399,33,19-Feb-19,CDRS,GAMO,DC768,0,,U,,,14.86,,,35.27,101,39.2,I
400,33,19-Feb-19,CDRS,FUL,SM076,0,,F,0,BP4,8.3,7.04,6.18,20.83,60,13.1,U
401,33,19-Feb-19,CDRS,FOR,SM1247,0,,F,0,,11.52,11.57,8.82,17.24,64.5,17.7,U
402,33,19-Feb-19,CDRS,CRA,SM1248,0,,M,0,,10.34,11.4,9.77,23.4,75,29,I
403,33,19-Feb-19,CDRS,FOR,SM1249,0,,M,5,,11.76,11.12,9.69,23.38,72,19.2,R
404,33,19-Feb-19,CDRS,CRA,SM1250,0,,M,4,,10.56,11.49,9.92,28.51,81,33.5,I
405,33,19-Feb-19,CDRS,CRA,SM1252,0,,F,0,BP3,11.2,11.48,9.95,30.02,81,31.4,U
406,33,19-Feb-19,CDRS,CRA,SM1253,0,,F,0,,10.45,11.4,9.66,27.81,80,32.7,U
407,33,19-Feb-19,CDRS,SCA,SM1254,0,,U,0,,13.61,8.04,8.26,24.39,68,20.8,I
408,33,19-Feb-19,CDRS,CRA,SM1255,0,,F,0,,11.18,10.76,9.94,28.5,79,26.1,R
409,33,19-Feb-19,CDRS,SCA,SM1256,0,,M,5,,15.89,9,8.91,24.2,72,21.7,R
410,34,19-Feb-19,CDRS,CRA,SM1257,0,,F,0,BP4,10.55,11.26,9.55,25.95,81,29.4,U
411,34,19-Feb-19,CDRS,CRA,SM1258,0,,F,0,,10.43,11.32,9.72,26.96,79,28.3,R
412,34,19-Feb-19,CDRS,CRA,SM1259,0,,F,0,,10.69,11.04,9.22,28.66,79,29.1,U
413,34,19-Feb-19,CDRS,CRA,SM1260,0,,F,0,,10.51,10.67,9.4,26.1,80,28.1,U
414,34,19-Feb-19,CDRS,CRA,SM1261,0,,F,0,BP4,10.5,11.55,9.2,25.81,79,32.3,U
415,34,19-Feb-19,CDRS,CRA,JP5616,1,,F,0,BP5,10.41,12.1,9.72,23.35,76,30.9,I
416,34,19-Feb-19,CDRS,FUL,SM077,0,,M,4,CP0,9.54,7.8,6.99,19.18,63,15.4,U
417,34,19-Feb-19,CDRS,FOR,SM078,0,,M,4,,11.3,12.14,8.97,18.19,70.5,19.1,U
418,34,19-Feb-19,CDRS,FOR,SM1262,0,,F,0,BP4,13.22,13.8,11.36,21.12,71,26.3,I
419,34,19-Feb-19,CDRS,FOR,SM1263,0,,M,5,,10.86,11.65,9.45,20.5,72,19.9,R
420,34,19-Feb-19,CDRS,CRA,SM1264,0,,M,4,,10.65,12.47,10.28,24.75,86.5,33.5,U
421,34,19-Feb-19,CDRS,CRA,SM1265,0,,F,0,BP3,10.46,12.6,9.65,24.87,80,30.6,I
422,35,19-Feb-19,CDRS,CRA,SM1266,0,,M,1,,10.98,11.65,9.43,25.96,80.5,28.2,I
424,35,20-Feb-19,CDRS,GAMO,DC769,0,,U,,,12.42,,,32.38,96.5,42.4,I
425,35,20-Feb-19,CDRS,CRA,RHC343,1,,M,4,,11.33,10.67,9.4,26.16,81,,U
426,35,20-Feb-19,CDRS,CRA,SM1267,0,,F,0,BP5,9.72,11.26,9.75,25.57,82,29.1,I
427,35,20-Feb-19,CDRS,CRA,SM1067,1,,M,5,,10.69,12.52,9.84,24.77,80,31.5,I
428,35,20-Feb-19,CDRS,FOR,SM1103,1,,F,0,,,,,,,,U
429,35,20-Feb-19,CDRS,CRA,SM1268,0,,M,4,,11.15,11.92,9.22,24.56,84.5,30.6,I
430,35,20-Feb-19,CDRS,FOR,SM1269,0,,F,0,BP3,14.8,15.35,12.03,20.13,72,29.4,I
431,35,20-Feb-19,CDRS,PAR,SM079,0,,F,0,BP4,7.67,7.25,6.26,19,60,12.5,U
432,35,20-Feb-19,CDRS,FOR,SM1270,0,,M,3,,11.45,11.68,9.69,19.54,68,20.1,U
433,35,20-Feb-19,CDRS,SCA,SM1162,1,,U,,,,,,,,,I
434,36,20-Feb-19,CDRS,FUL,SM080,0,,F,0,BP0,9.48,7.46,6.54,20.25,59,14.6,U
435,36,20-Feb-19,CDRS,FOR,SM1271,0,,M,4,,12.83,12.6,10.05,20.99,71,23.3,U
436,36,20-Feb-19,CDRS,FUL,SM081,0,,F,0,,9.07,7.41,6.79,19.24,60,15.1,R
437,36,21-Feb-19,CDRS,FOR,SM1272,0,,M,2,,11.12,11.19,9.13,20.04,62,20.6,U
438,36,21-Feb-19,CDRS,CRA,PP18421,1,,F,0,,10.84,11.84,9.91,23.96,87.5,30,U
439,36,21-Feb-19,CDRS,FUL,SM082,0,,M,5,,9.53,8.26,6.8,18.68,61,14.8,R
440,36,21-Feb-19,CDRS,FOR,SM1273,0,,M,5,,13.54,13.99,10.43,22.14,72,22.7,I
441,36,21-Feb-19,CDRS,CRA,JH139,1,,M,5,,11.04,11,9.57,27.27,82,30.2,U
442,36,21-Feb-19,CDRS,FOR,SM1247,1,,F,0,,11.28,9,9,19.37,65,17.6,U
443,36,21-Feb-19,CDRS,FOR,LF0173,1,,F,0,,12.04,9.88,9.88,21.4,68.5,22,U
444,36,21-Feb-19,CDRS,MAG,SM1274,0,,F,0,BP3,16.26,14.15,14.15,21.59,75.5,34.7,I-R
445,37,22-Feb-19,EG-beach,GAMO,DC770,0,,U,,,15.86,,,31.14,105,42.4,U
446,37,22-Feb-19,EG-beach,FUL,SM084,0,,U,0,,8.51,7.86,6.39,19.61,61,14.1,U
447,37,22-Feb-19,EG-beach,FOR,SM1275,0,,M,2,,11.93,12.49,10.41,20.07,71.5,23.5,I
448,37,22-Feb-19,EG-beach,GAMO,DC771,0,,U,,,14.95,,,30.41,104.5,39.5,U
449,37,22-Feb-19,EG-beach,FOR,SM1276,0,,F,0,BP4,12.83,12.78,10.6,18.58,72,24.1,U
450,37,22-Feb-19,EG-beach,FUL,SM085,0,,U,0,BP0,8.46,7.65,6.25,17.81,58,13.5,R
451,37,22-Feb-19,EG-beach,FOR,,0,,M,5,,11.86,11.18,8.86,18.31,66,19.1,R
452,37,22-Feb-19,EG-beach,CRA,SM1277,0,,M,2,,11.24,11.95,10.06,26.34,83,31.4,I
453,37,22-Feb-19,EG-beach,FOR,SM1278,0,,F,0,BP5,10.62,10.6,9.11,19.89,68.5,19.7,I
454,37,22-Feb-19,EG-beach,FUL,SM086,0,,F,0,BP4,8.52,7.98,6.61,17.36,60.5,,U
455,37,22-Feb-19,EG-beach,FUL,SM087,0,,M,4,,9.81,7.64,6.58,18.33,62.5,15.3,U
456,37,22-Feb-19,EG-beach,GAMO,DC772,0,,M,,CP,16.42,,,32.03,112,44.5,U
457,38,22-Feb-19,EG-beach,FUL,SM088,0,,M,5,,8.82,8.04,6.91,18.83,64.5,15.7,R
458,38,22-Feb-19,EG-beach,FUL,SM089,0,,F,0,BP4,8.82,7.56,6.86,18.37,60.5,13.9,I
459,38,22-Feb-19,EG-beach,FUL,SM090,0,,F,0,BP4,9.38,7.43,6.76,19,59.5,12.1,U
460,38,22-Feb-19,EG-beach,FUL,SM091,0,,M,4,,8.43,7.12,6.23,18.08,61.5,15.7,I
461,38,22-Feb-19,EG-beach,FUL,SM092,0,,F,0,BP3,9.38,7.92,7.06,17.33,59.5,16,U
462,38,22-Feb-19,EG-beach,FOR,SM1279,0,,F,0,BP4,12.8,12.08,9.16,19.94,66,22,U
463,38,22-Feb-19,EG-beach,FUL,SM093,0,,F,0,BP4,9.07,7.3,6.41,17.69,69.5,16,I
464,38,22-Feb-19,EG-beach,FUL,SM094,0,,M,4,,8.97,8.15,7.05,17.24,62,13.4,U
465,38,22-Feb-19,EG-beach,FUL,SM095,0,,M,5,,9.15,8.55,7.3,18.08,61.5,15.5,I
466,38,25-Feb-19,EG-AZ,FOR,SM096,0,,F,0,BP5,12.08,10.4,8.61,19.79,66,21.6,U
467,38,25-Feb-19,EG-AZ,FOR,SM1280,0,,F,0,BP3,13.06,12.91,10.79,19.82,72,25.7,R
468,38,25-Feb-19,EG-AZ,FOR,SM1281,0,,F,0,BP4,10.69,11.12,9.15,19.08,66.5,20.8,U
469,39,25-Feb-19,EG-AZ,MAG,SM1282,0,,M,2,,13.4,15.98,12.47,20.72,70.5,27.2,I
470,39,25-Feb-19,EG-AZ,MAG,SM1283,0,,F,0,,15.07,15.61,13.22,23.25,76,29.1,U
471,39,25-Feb-19,EG-AZ,FUL,SM097,0,,F,0,,8.52,7.39,7.16,19.55,61,14.2,U
472,39,25-Feb-19,EG-AZ,FUL,SM098,0,,M,5,,8.21,6.67,6.97,17.97,61,12.7,I
473,39,25-Feb-19,EG-AZ,FUL,SM099,0,,F,0,BP5,8.48,6.9,6.28,18.95,56,13.8,U
474,39,25-Feb-19,EG-AZ,FOR,LF0493,1,,M,1,,11.45,10.87,9.86,18.94,69,21.7,U
475,39,25-Feb-19,EG-AZ,FOR,no band,0,,F,0,BP3,10.89,11.05,9.52,18.44,65,20.2,U
476,39,25-Feb-19,EG-AZ,FUL,SM100,0,,M,4,,8.46,7.97,7.27,19.1,60.5,14.8,U
477,39,25-Feb-19,EG-AZ,FOR,SM1284,0,,F,0,,11.16,10.07,8.73,22.35,67,21.2,U
478,39,25-Feb-19,EG-AZ,FOR,SM1285,0,,F,0,BP4,12.42,11.62,10.31,23.56,67.5,24.9,U
479,39,25-Feb-19,EG-AZ,FOR,SM1286,0,,M,3,,12.81,13.23,11.04,23.11,72,25.2,U
480,39,25-Feb-19,EG-AZ,FUL,SM101,0,,F,0,,9.31,7.14,6.6,18.53,60,14.8,U
481,40,25-Feb-19,EG-AZ,GAMO,DC773,0,RSOBk,M,,,15.26,,,32.79,104.5,43.5,U
482,40,25-Feb-19,EG-AZ,FOR,JP5274,1,PiS-W,F,0,BP4,10.79,10.43,7.89,18.08,65,19.5,R
483,40,25-Feb-19,EG-AZ,FOR,SM1287,0,,U,0,BP0,10.96,10.62,9.13,19.66,64.5,19.1,I
484,40,25-Feb-19,EG-AZ,FUL,SM102,0,,F,0,BP4,8.27,7.23,6.61,20.28,60,15.6,U
485,40,25-Feb-19,EG-AZ,FUL,SM103,0,,M,2,,8.36,8.06,6.57,14.87,61.5,15.8,R
486,40,25-Feb-19,EG-AZ,GAMO,DC551,1,,M,,,16.31,,,33.49,109,48.3,U
487,40,25-Feb-19,EG-AZ,FOR,SM1288,0,,M,5,,11.88,11.01,9.97,21.46,71,22.6,R
488,40,25-Feb-19,EG-AZ,FOR,NO band,0,,F,0,,12.02,11.31,9.29,21.98,,20.2,U
489,40,25-Feb-19,EG-AZ,FOR,SM1289,0,,M,5,,12.07,11.32,9.95,22.4,70,19.5,R
490,40,26-Feb-19,EG-beach,GAMO,DC774,0,,U,,,14.85,,,33.14,105,41.2,U
491,40,26-Feb-19,EG-beach,FUL,SM104,0,,F,0,,8.86,6.8,6.36,17.95,63,13.9,U
492,40,26-Feb-19,EG-beach,GAMO,DC775,0,,U,,,15.77,,,33.16,102,46.1,U
493,41,26-Feb-19,EG-beach,GAMO,DC776,0,,M,,,15.14,,,33.2,110,39.6,R
494,41,26-Feb-19,EG-beach,GAMO,DC777,0,,M,,,16.38,,,31.87,106.5,45.2,U
495,41,26-Feb-19,EG-beach,FOR,SM1290,0,,M,4,,13.39,13.05,11.15,24.78,76,26.2,I
496,41,26-Feb-19,EG-beach,FUL,SM105,0,,M,4,,8.57,7.98,6.44,18.95,63,13.6,U
497,41,26-Feb-19,EG-beach,FUL,SM106,0,,M,4,,8.9,7.23,6.99,18.7,61,13,U
498,41,26-Feb-19,EG-beach,FUL,SM107,0,,F,0,BP2,7.76,6.81,6.55,19.04,60,13.2,U
499,41,26-Feb-19,EG-beach,FOR,SM1291,0,,F,0,,12.38,11.09,8.92,20.46,68.5,19.9,U
500,41,26-Feb-19,EG-beach,FUL,SM108,0,,M,5,,8.26,7.21,6.48,19.64,61.5,14.7,I
501,41,26-Feb-19,EG-beach,FUL,SM109,0,,F,0,,8.91,7.07,6.56,17.55,59,17.7,R
502,41,26-Feb-19,EG-beach,FUL,SM110,0,,F,0,,9.09,6.96,6.21,18.74,61,14.1,I
503,41,26-Feb-19,EG-beach,FOR,SM1292,0,,F,0,BP3,11.75,10.89,9.92,20.27,65,19.8,I
504,41,26-Feb-19,EG-beach,FUL,LF599,1,,F,0,,8.77,7.13,7.33,18.38,61,14.7,I
505,42,26-Feb-19,EG-beach,FOR,SM1293,0,,F,0,BP4,11.33,12.28,10.05,18.09,65,19.6,U
506,42,26-Feb-19,EG-beach,FOR,SM1294,0,,F,0,,11.19,10.58,8.73,20.63,64.5,19.6,U
507,42,26-Feb-19,EG-beach,FUL,SM112,0,,U,0,,7.82,7.52,7.09,18.29,63.5,13.9,U
508,42,26-Feb-19,EG-beach,FOR,SM1295,0,,F,0,BP5,10.47,9.65,7.88,17.91,64,17.9,U
509,42,26-Feb-19,EG-beach,FUL,LF5939,0,,M,,,8.39,7.66,6.35,16.73,59.5,14.5,U
510,42,26-Feb-19,EG-beach,FOR,SM1296,0,,M,2,,11.22,12.31,10.17,19.5,71,22.2,U
511,42,26-Feb-19,EG-beach,FOR,SM1297,0,,F,0,BP5,10.54,11.05,8.94,18.2,66,20.2,U
512,42,26-Feb-19,EG-beach,FUL,SM113,0,,F,0,BP5,7.64,6.82,5.92,15.9,57.5,12.5,U
513,42,26-Feb-19,EG-beach,FUL,SM114,0,,F,0,BP4,9.62,7.14,6.11,17.74,59,14.3,R
514,42,26-Feb-19,EG-beach,FOR,SM1298,0,,F,0,,10.59,9.71,8.5,21.03,64,18.1,U
515,42,26-Feb-19,EG-beach,FOR,SM1299,0,,U,0,,11.22,10.81,9.24,21.49,68,18.5,I
516,42,26-Feb-19,EG-beach,FUL,SM115,0,,F,0,,8.22,7.15,6.8,20.51,58,13.7,I
517,43,26-Feb-19,EG-beach,FOR,LF0361,0,,F,0,BP4,10.46,11.12,9.1,18.34,67.5,20.5,U
518,43,26-Feb-19,EG-beach,FUL,SM116,0,,F,0,BP3,8.16,6.79,5.61,,60.5,12.9,I
519,43,26-Feb-19,EG-beach,FOR,LF0362,0,,F,0,BP3,11.57,10.92,9.83,18.76,62,20.2,U
520,43,26-Feb-19,EG-beach,FOR,LF0363,0,,F,0,BP4,11.43,11.01,8.57,18.85,64,20.7,U
521,43,26-Feb-19,EG-beach,FUL,SM117,0,,M,4,,9.09,7.46,7.39,19.37,61.5,15.2,U
522,43,26-Feb-19,EG-beach,FUL,SM118,0,,M,3,,8.63,7.84,6.67,16.31,62,13.5,U
523,43,26-Feb-19,EG-beach,FOR,LF0364,0,,F,0,,11.11,10.27,8.76,17.57,66,20.3,R
524,43,26-Feb-19,EG-beach,FOR,SM1300,0,,F,0,BP4,13.82,13.6,10.56,20.92,71.5,25,R
525,43,26-Feb-19,EG-beach,FOR,LF0365,0,,F,0,BP4,11.81,10.41,9.26,20.23,65.5,19.8,U
526,43,27-Feb-19,EG-shire,FOR,LF0366,0,,M,5,,14.17,14.43,11.96,21.45,76.5,27.6,R
527,43,27-Feb-19,EG-shire,FOR,JP4397,1,,M,5,,11.71,10,8.64,20.4,66,19.6,R
528,43,27-Feb-19,EG-shire,FOR,LF0367,0,,M,5,,13.02,14.49,12.11,21.72,73.5,25.6,U
529,44,27-Feb-19,EG-shire,MAG,LF0368,0,,M,4,,13.7,15.57,12.06,18.97,75.5,27.4,U
530,44,27-Feb-19,EG-shire,GAMO,DC554,0,OYBkS,M,,,16.94,,,33.56,108.5,41.5,U
531,44,27-Feb-19,EG-shire,GAMO,DC778,0,SOByBl,U,,,15.01,,,36.67,110,46.1,I
532,44,27-Feb-19,EG-shire,MAG,LF0370,0,,F,0,,15.53,16.33,13.01,21.39,71,32.1,U
533,44,27-Feb-19,EG-shire,CRA,LF0371,0,,M,3,,10.78,11.9,10.44,26.83,81,32.8,U
534,44,27-Feb-19,EG-shire,FUL,SM119,0,,M,1,,8.71,7.65,6.58,18.03,61.5,14.9,I
535,44,27-Feb-19,EG-shire,FUL,SM120,0,,M,4,,8.82,7.51,6.7,18.26,61,14,I
536,44,27-Feb-19,EG-shire,FUL,SM121,0,,F,0,,8.86,7.11,6.15,18.78,60,12.9,R
537,44,27-Feb-19,EG-shire,FUL,SM122,0,,M,3,,8.54,7.81,6.76,18.32,63.5,15.4,U
538,45,2-Mar-19,CDRS,CRA,LF0474,0,,F,0,,10.44,11.16,9.55,23.97,80,29.1,U
539,,,,CRA,LF0373,1,,M,4,,11.06,12.1,10.21,27.37,85,35.8,I
540,,,,CRA,LF0374,0,,F,0,,11.81,11.81,8.85,26.21,81,,U
541,,,,FOR,KGSK2116,1,WWSO,F,0,,11.62,11.62,9.13,18.93,89,21.3,I
542,,,,CRA,LF0375,0,,F,0,,11.36,11.36,9.68,29.06,80.5,29.7,I
543,,,,FOR,LF0376,0,,M,2,,12.96,12.88,10.63,21.39,71,21,I